cvss_score,epss_score,kev_status,internet_exposed,patch_available,asset_criticality,control_effectiveness,open_vulnerability_count,high_vulnerability_count,business_criticality,exploited
7.59,0.0588,0,1,1,2,0.2792,0,1,1,1
6.2,0.2081,0,1,1,2,0.2237,0,1,3,1
7.92,0.0135,0,0,0,0,0.6955,1,3,0,0
9.85,0.0876,0,0,1,1,0.713,1,1,0,0
5.98,0.109,0,0,1,1,0.4295,0,0,2,0
5.98,0.0717,0,0,0,1,0.908,4,1,2,0
9.97,0.1754,0,1,1,0,0.4577,3,2,2,1
8.19,0.4062,0,0,1,1,0.4825,2,0,1,0
5.47,0.4037,0,0,0,1,0.541,1,2,1,1
7.69,0.3403,0,0,0,1,0.4893,3,0,1,0
5.48,0.0001,1,1,1,0,0.8693,2,0,1,1
5.48,0.3466,0,0,1,1,0.2896,1,0,3,0
7.03,0.0021,0,1,1,2,0.3614,3,4,1,1
2.29,0.0182,0,0,0,1,0.2521,1,2,0,0
2.71,0.0536,0,1,1,2,1.0,4,0,1,0
5.26,0.3406,0,0,0,2,0.4689,1,0,3,0
4.27,0.031,0,0,1,2,0.3579,3,1,1,0
7.19,0.0535,0,1,1,0,0.4782,0,1,1,0
4.5,0.0113,0,1,1,1,0.7623,5,0,1,0
3.39,0.1196,0,0,0,1,0.7159,1,0,0,0
9.72,0.004,0,1,1,3,0.4062,0,0,2,1
6.0,0.2947,1,1,0,2,0.4501,3,0,2,1
6.65,0.2199,0,0,0,1,0.1861,2,4,1,1
3.37,0.0729,0,1,1,0,0.5847,4,4,2,0
5.3,0.0041,0,0,1,1,0.8706,4,0,2,0
6.74,0.4115,0,1,1,1,0.4046,1,0,2,1
3.97,0.0277,0,0,1,2,0.709,1,1,2,0
7.33,0.0004,0,0,1,1,0.4045,0,1,2,0
5.18,0.074,0,1,1,1,0.2761,1,0,1,0
5.86,0.3604,0,0,1,0,0.7201,2,1,1,0
5.18,0.544,0,0,1,0,1.0,5,0,0,0
10.0,0.1468,0,1,1,1,0.6859,3,0,1,1
6.47,0.1763,0,1,1,1,0.4465,3,3,1,1
4.17,0.3506,0,0,1,1,0.4627,6,2,3,0
8.31,0.0106,0,0,1,2,1.0,1,0,1,0
3.81,0.0268,0,1,0,0,0.6267,3,3,2,1
6.96,0.3081,1,0,0,1,0.3585,2,0,1,1
2.19,0.3085,0,0,1,2,0.5344,2,1,3,0
3.58,0.0183,0,0,1,1,0.6038,4,0,1,0
6.93,0.0345,0,0,1,1,0.6673,5,0,1,0
8.12,0.267,0,0,0,1,0.928,2,1,1,1
6.88,0.1353,0,1,1,1,0.869,2,0,1,0
6.25,0.4549,0,1,0,0,0.5996,3,3,2,1
5.84,0.0307,0,0,1,0,0.5396,4,3,2,0
3.25,0.0833,0,0,0,0,0.649,1,0,2,0
4.92,0.3339,0,0,1,2,0.3979,0,1,1,0
5.49,0.0509,0,0,1,1,0.795,2,3,1,0
8.83,0.0077,0,0,1,3,0.4991,2,0,2,0
7.26,0.0284,0,1,1,2,0.6727,5,0,2,1
2.62,0.0025,0,0,1,2,0.9783,2,2,3,0
7.21,0.0445,0,1,1,2,0.6882,0,0,2,1
5.65,0.4719,1,1,1,0,0.6077,2,0,1,0
5.01,0.0632,0,0,1,1,0.4207,0,1,1,0
7.85,0.0788,0,0,1,3,0.5305,4,0,1,1
8.77,0.4389,0,1,1,0,0.266,4,0,1,0
8.55,0.0057,0,1,0,1,0.6833,2,1,0,1
4.65,0.095,1,1,1,0,0.0164,1,0,1,1
5.82,0.0086,0,0,1,1,0.7921,1,0,1,0
7.23,0.2144,0,1,1,0,0.7329,2,2,2,1
8.65,0.0069,0,0,1,1,0.5745,2,0,1,0
5.45,0.433,0,0,0,2,0.4167,1,1,1,0
6.09,0.1286,0,0,1,0,0.5459,1,0,2,0
4.07,0.1631,0,0,1,2,0.1065,2,3,2,1
3.87,0.4156,0,1,1,0,0.756,4,0,1,1
8.29,0.0434,0,0,1,0,0.509,2,1,0,0
9.48,0.1489,0,1,0,1,0.9288,2,0,1,1
6.34,0.7382,1,0,1,2,0.648,1,1,2,1
8.71,0.0076,0,1,1,2,0.6079,3,0,0,1
7.3,0.1064,0,0,0,1,0.6502,3,1,0,0
5.08,0.0323,1,1,1,0,0.3061,0,2,2,1
7.3,0.095,0,0,1,2,0.4373,1,4,1,0
9.88,0.0255,0,0,1,2,0.5832,4,1,2,0
6.42,0.0027,0,1,0,0,0.4744,2,1,2,1
9.94,0.0842,0,0,1,1,0.4059,2,0,1,0
0.74,0.0063,0,0,0,2,0.4794,1,0,1,0
8.31,0.1027,0,1,1,0,0.561,1,1,1,1
6.69,0.0203,0,0,1,0,1.0,3,2,1,0
5.84,0.2801,0,0,1,1,0.4687,1,1,1,0
6.7,0.0176,0,0,1,2,0.3806,1,1,3,0
2.13,0.0293,0,0,1,0,0.5118,1,2,0,0
6.02,0.1345,0,1,1,2,0.9254,3,3,1,1
7.29,0.0026,0,0,1,2,0.9433,2,2,1,1
9.75,0.0584,0,0,1,1,1.0,2,2,1,1
5.36,0.3083,1,1,1,0,0.5652,2,1,0,1
4.72,0.0018,0,1,1,3,0.7104,2,1,1,0
5.4,0.8373,0,1,1,1,0.2875,3,2,1,1
8.51,0.0601,0,0,1,1,0.4616,5,1,1,0
7.22,0.0134,0,0,1,3,0.2712,1,1,1,1
5.33,0.0022,0,0,1,2,0.6683,7,0,1,0
7.63,0.0533,0,0,1,1,0.5596,2,2,0,0
6.71,0.1003,0,0,1,1,0.6065,1,2,2,0
8.63,0.0499,1,1,0,0,0.3384,1,0,0,1
4.96,0.5998,0,1,1,3,0.7627,2,3,2,1
5.78,0.6085,0,0,1,2,0.0,3,0,1,1
5.64,0.028,0,0,1,1,0.487,6,3,0,0
3.28,0.2619,0,0,1,2,0.5233,2,1,0,0
7.15,0.3906,0,1,1,2,0.0446,2,2,0,1
7.07,0.454,0,1,1,1,0.646,4,0,1,1
6.51,0.026,1,0,1,2,0.5067,0,1,2,1
5.98,0.005,0,1,0,1,0.6903,1,1,2,1
3.39,0.5944,0,0,1,2,1.0,2,1,1,0
5.57,0.1079,0,0,1,0,0.6312,0,2,2,0
5.75,0.5215,0,0,1,2,0.7932,3,2,2,0
4.73,0.0679,0,0,1,1,0.8952,2,3,2,0
6.15,0.0306,0,0,1,0,0.673,1,1,1,0
7.39,0.0515,0,0,1,0,0.3335,4,0,2,0
10.0,0.8509,0,0,1,2,0.14,2,1,1,1
6.88,0.0195,1,0,1,1,0.6436,1,1,1,1
7.07,0.0022,0,1,1,2,0.4499,3,0,2,1
6.34,0.0428,0,0,1,1,0.8709,3,0,3,0
2.28,0.8196,1,1,1,2,0.4312,1,2,1,1
6.44,0.012,1,0,1,1,0.5464,5,2,1,1
6.63,0.1778,0,0,1,1,0.2602,4,2,0,0
10.0,0.0085,0,0,1,0,0.464,0,1,1,0
6.08,0.3204,0,0,0,1,0.3143,1,2,1,1
7.16,0.2599,0,0,1,2,0.3371,4,0,1,1
6.42,0.0997,0,0,1,2,0.5368,4,1,2,1
3.93,0.3351,1,1,1,0,0.3983,7,1,1,1
9.01,0.0728,0,1,0,2,1.0,5,0,1,1
8.15,0.245,0,1,1,0,0.759,3,0,1,1
8.24,0.025,0,0,0,1,0.8212,1,0,2,1
4.5,0.0104,0,0,1,1,0.5223,4,1,2,0
9.59,0.1656,0,0,1,1,0.5764,4,4,2,1
3.42,0.0004,0,1,0,2,0.4426,3,0,3,1
7.79,0.0396,0,1,0,3,1.0,6,1,1,1
10.0,0.0018,0,1,1,0,0.5228,4,1,0,1
4.32,0.3869,0,0,1,1,0.3991,5,0,1,0
5.25,0.0719,0,0,1,3,0.3615,3,1,3,1
6.72,0.1641,0,0,1,0,0.6338,3,1,1,0
5.39,0.0003,0,0,1,1,0.9053,5,0,2,0
3.09,0.1351,1,0,1,0,0.8217,1,0,1,0
6.65,0.5035,1,0,1,2,0.3609,2,0,1,1
4.16,0.6906,0,0,1,2,0.3548,2,1,3,1
7.54,0.0737,0,0,0,2,0.8616,2,1,1,1
4.48,0.0196,0,0,1,1,1.0,3,0,2,0
9.91,0.1241,1,1,0,2,0.5137,1,0,1,1
4.78,0.2471,0,0,1,0,0.8517,3,2,2,1
5.79,0.6127,0,0,1,3,0.1835,4,0,1,1
8.29,0.0907,0,1,0,1,0.3391,5,2,2,1
3.79,0.1492,0,0,1,0,0.2976,3,1,1,0
7.0,0.0383,0,0,1,3,0.6531,1,2,1,0
9.38,0.0422,0,1,0,2,0.5053,3,4,0,1
2.96,0.0165,0,0,1,2,0.6095,1,1,0,0
6.91,0.0259,0,0,1,0,0.8548,2,0,1,0
7.07,0.0123,0,0,0,2,0.3867,1,0,1,1
8.22,0.4473,0,0,0,2,0.5735,3,0,0,1
3.78,0.2847,0,0,0,2,0.2155,3,1,1,1
3.59,0.0457,0,0,1,3,0.8409,2,0,3,0
7.65,0.1062,0,0,0,0,0.8241,4,0,1,0
7.15,0.4837,1,1,0,1,0.6405,3,2,1,1
7.05,0.1906,0,0,1,2,0.58,3,1,1,0
7.26,0.0001,0,1,0,1,0.4227,1,1,1,1
5.0,0.4066,0,0,1,0,0.2011,6,1,1,0
7.01,0.0041,1,0,0,0,0.6264,1,0,2,1
7.14,0.434,0,0,0,2,0.7391,3,1,3,1
4.93,0.1972,0,1,1,1,1.0,1,0,2,1
10.0,0.0007,0,1,0,0,0.4516,1,1,0,1
7.54,0.1012,0,0,0,1,0.6175,2,0,1,0
3.88,0.0567,0,0,1,1,0.8286,2,2,1,0
7.94,0.2161,1,1,0,0,0.8361,1,1,3,1
4.36,0.244,0,1,1,0,0.3944,4,1,2,1
8.23,0.5323,1,0,0,2,0.4802,1,2,2,1
9.05,0.0431,0,0,1,0,0.4187,5,0,1,0
4.69,0.0222,1,1,0,2,0.3245,1,0,2,1
8.62,0.0354,0,0,1,2,0.9179,2,2,2,0
7.41,0.3345,0,1,1,1,0.5657,4,2,1,1
8.31,0.0753,0,0,1,1,0.5314,2,0,2,0
10.0,0.0025,0,1,1,2,0.6119,5,0,0,1
5.96,0.0802,0,0,1,1,0.5634,1,2,3,0
4.84,0.1098,0,0,1,0,0.4948,1,3,2,1
4.54,0.081,0,0,1,1,0.3596,3,1,1,0
4.71,0.0041,0,1,1,0,0.9413,1,3,2,0
6.33,0.2519,0,1,1,1,0.4074,2,2,2,1
7.25,0.0179,0,1,1,1,0.3174,2,2,1,0
7.11,0.1821,1,1,1,1,0.5299,1,0,2,1
8.32,0.1288,1,0,0,2,1.0,3,1,1,0
6.53,0.114,0,0,1,3,0.3446,3,1,1,1
9.7,0.0007,0,1,1,1,0.7274,2,3,1,1
5.92,0.0168,0,1,0,1,0.4884,1,0,0,0
10.0,0.254,0,0,1,2,0.6112,0,0,2,1
7.88,0.0282,0,0,1,1,0.7805,1,2,1,0
4.61,0.5439,0,0,1,1,0.1201,2,1,2,0
4.14,0.0418,0,0,0,2,0.3259,4,1,1,1
7.56,0.0957,0,1,0,2,0.777,4,1,1,1
6.01,0.2638,0,1,0,1,0.5744,3,2,1,1
8.07,0.6358,1,1,0,0,0.603,2,0,2,1
7.54,0.0137,0,1,1,1,0.7278,1,0,2,0
6.34,0.0189,0,0,1,1,0.3276,2,0,1,1
4.64,0.0037,0,0,1,1,0.8138,2,3,2,0
3.17,0.3823,0,1,0,1,0.7549,3,1,1,0
5.52,0.0085,0,0,0,1,0.6096,1,2,2,0
8.38,0.0852,0,0,1,1,0.667,2,1,2,1
6.97,0.2451,0,1,1,1,0.8412,3,1,1,0
3.76,0.2191,0,1,1,3,0.4015,4,1,2,1
6.88,0.1509,0,1,1,2,0.7153,3,0,1,1
7.35,0.5444,0,1,1,2,0.9861,1,4,2,1
4.56,0.0608,0,0,0,1,0.7102,3,1,2,0
6.84,0.0062,0,0,1,1,0.4944,1,0,1,0
6.63,0.3759,0,1,0,2,1.0,6,4,1,1
3.99,0.1325,0,1,1,2,0.6077,4,0,3,1
7.29,0.1148,0,0,1,2,0.8996,3,1,0,0
7.73,0.1773,0,0,1,0,0.4446,1,0,2,0
8.88,0.0089,0,1,0,2,0.817,1,1,1,1
8.82,0.1106,0,0,1,3,0.4134,2,2,2,1
3.47,0.2276,0,1,0,0,0.6308,1,1,1,0
4.44,0.1884,0,0,0,1,0.3983,1,0,1,1
7.63,0.0053,0,0,1,1,1.0,7,0,1,0
7.63,0.5257,0,1,1,2,0.4947,3,0,3,1
7.63,0.2821,0,0,1,0,0.273,3,2,0,1
10.0,0.1346,0,0,1,2,0.5738,2,2,1,1
7.76,0.0095,0,1,0,0,0.6843,3,1,1,1
9.0,0.0191,0,1,0,2,0.5433,2,1,2,1
8.6,0.0122,0,0,0,0,0.3467,3,0,1,1
7.93,0.1378,0,0,1,0,0.8093,1,1,1,0
5.81,0.0009,0,0,1,2,0.8648,1,2,1,0
8.17,0.0221,1,0,1,2,0.138,4,4,1,1
4.8,0.3247,0,0,1,3,0.3307,1,1,0,1
5.98,0.9333,0,0,1,0,0.5101,2,1,1,1
5.43,0.0757,0,0,1,1,0.4173,5,1,1,0
6.68,0.5149,0,0,0,0,0.6815,2,0,1,0
10.0,0.5539,0,0,1,0,1.0,1,1,1,0
2.39,0.17,0,0,1,0,0.4548,3,0,1,0
8.01,0.1691,0,1,1,0,0.9442,3,0,2,0
2.95,0.0054,0,1,0,2,0.1829,3,0,2,0
5.46,0.0773,0,0,0,0,0.664,2,1,0,0
8.9,0.0649,0,1,1,2,0.4013,1,2,2,1
6.64,0.3454,0,1,0,2,0.6693,3,0,0,1
4.13,0.4511,0,0,1,0,0.1108,3,1,1,1
4.93,0.0107,0,0,0,3,0.2287,2,0,2,1
8.0,0.0092,0,0,1,1,0.6688,3,2,1,1
4.89,0.0469,0,0,1,3,0.3925,0,1,1,0
6.98,0.7763,0,0,1,3,0.4692,5,0,3,1
6.6,0.0352,0,1,1,3,1.0,2,1,0,0
5.07,0.2612,0,1,1,2,0.5844,3,1,0,1
10.0,0.1116,0,1,1,1,0.7754,4,2,2,1
7.89,0.2651,0,1,1,0,0.3602,3,1,2,0
2.04,0.0272,1,1,0,1,0.2147,1,1,1,1
6.91,0.0124,0,0,0,1,0.5298,1,0,1,0
5.04,0.0039,0,0,0,2,0.1774,3,1,1,0
8.38,0.0604,0,0,0,2,0.3754,2,0,2,0
4.76,0.0803,1,1,1,1,0.6094,0,2,1,0
6.25,0.208,1,0,1,0,0.5222,6,3,1,1
7.61,0.1106,0,1,1,1,0.6336,1,0,0,0
8.4,0.0415,0,1,0,1,0.7001,3,1,2,1
3.86,0.1514,0,0,1,0,0.2511,5,1,2,0
5.76,0.0555,0,0,1,2,0.3145,3,3,1,1
5.46,0.5586,1,1,1,2,0.0054,5,0,2,1
5.06,0.1303,0,0,1,0,0.4574,3,2,1,0
10.0,0.0371,0,0,1,1,0.7342,0,1,2,1
7.39,0.053,0,1,1,2,0.9228,2,0,2,1
3.73,0.285,1,1,1,1,0.5976,1,0,2,1
8.52,0.5447,0,0,1,3,0.8933,2,0,2,1
10.0,0.3977,0,1,1,0,0.646,3,1,1,1
8.77,0.6615,0,0,0,1,0.5769,1,0,1,1
3.16,0.0001,1,1,1,2,0.3972,4,1,2,1
5.43,0.0199,0,1,1,1,0.0,6,0,1,1
9.29,0.0235,1,0,0,1,0.8558,2,2,0,1
4.94,0.1202,0,0,0,2,0.5367,2,1,1,0
7.48,0.1694,0,1,1,2,0.8971,4,0,2,1
8.2,0.4907,0,0,1,0,0.3126,4,0,2,1
4.46,0.0645,0,0,1,1,1.0,3,0,1,0
6.37,0.001,0,0,0,1,0.4878,2,0,1,0
0.0,0.3514,0,0,1,2,0.377,3,1,1,0
4.25,0.0636,0,1,1,1,0.4964,1,1,1,0
5.94,0.0073,0,0,1,2,0.5926,4,1,2,0
3.75,0.1715,0,1,1,2,0.5325,2,1,1,0
10.0,0.0697,0,0,1,1,0.4212,3,1,0,0
3.35,0.0889,0,1,0,1,0.0991,2,1,1,1
5.53,0.6598,0,0,0,1,0.3489,3,1,1,0
6.79,0.0026,0,0,0,1,0.8186,3,1,1,0
9.67,0.1275,1,1,1,2,0.3301,5,0,3,1
3.34,0.3394,0,0,1,2,0.1208,4,1,2,0
9.06,0.0136,0,0,1,1,0.2861,3,1,1,1
6.52,0.3675,0,1,1,2,0.5278,2,0,1,1
4.34,0.0375,0,1,1,1,0.3602,4,2,1,0
7.52,0.0229,0,1,0,0,0.48,1,1,2,1
6.94,0.0137,0,0,0,1,0.3504,1,2,2,1
5.18,0.1426,0,0,1,1,0.8024,0,1,1,0
6.65,0.0034,0,0,1,1,0.6727,3,0,1,0
5.65,0.0729,0,1,1,2,1.0,4,1,1,1
6.75,0.1212,0,1,0,1,0.4546,3,1,1,0
7.96,0.0002,1,0,1,3,0.4788,3,1,0,1
9.99,0.0603,0,0,1,0,0.8459,3,1,1,0
3.78,0.0351,0,0,1,2,0.6478,1,0,3,0
10.0,0.0014,0,0,1,2,0.3146,1,0,2,1
2.21,0.1217,0,0,1,1,0.6891,6,2,2,0
6.17,0.0007,0,1,1,0,0.6491,2,1,1,0
7.79,0.0143,0,1,1,1,0.1016,0,2,2,1
7.12,0.3385,0,1,1,3,0.3872,1,2,2,1
5.13,0.0509,0,1,0,2,0.5976,3,4,0,1
6.04,0.2418,0,1,1,2,0.9116,1,0,2,0
5.42,0.1863,1,1,1,2,0.7245,0,1,0,1
5.2,0.0291,1,0,0,0,0.409,3,2,3,1
8.37,0.4562,0,0,1,1,0.3729,5,0,0,0
7.29,0.1387,0,0,1,0,0.7494,3,0,1,0
4.98,0.0002,0,1,0,1,0.0,1,2,0,0
8.48,0.1252,0,1,1,2,0.3481,2,1,0,0
7.18,0.5446,0,0,0,2,0.9023,5,0,2,1
8.29,0.1382,0,1,1,3,0.6242,1,2,0,0
7.89,0.2091,1,0,1,0,0.3603,3,1,2,1
4.68,0.0,0,1,1,1,0.2495,1,2,3,0
5.27,0.0331,0,1,1,2,0.7599,6,2,3,1
8.14,0.257,0,1,1,1,0.5695,3,1,2,1
7.84,0.0827,0,1,1,0,0.4953,2,1,3,0
6.45,0.0301,1,0,1,1,0.6435,6,2,0,1
6.76,0.1392,0,0,1,1,0.5911,2,0,3,0
9.31,0.0332,0,0,0,3,0.572,2,0,0,0
5.2,0.0032,0,0,1,1,0.219,1,2,1,0
7.7,0.2898,1,1,0,2,0.2934,1,0,0,1
6.06,0.4875,0,0,0,2,0.7371,3,1,2,1
6.02,0.0145,0,1,0,0,0.6898,1,0,0,0
8.92,0.1583,0,1,0,2,0.6455,4,1,1,0
8.32,0.4482,0,0,1,1,0.4034,2,2,2,0
8.29,0.1572,1,0,1,0,0.7413,2,0,1,1
9.37,0.1314,0,0,1,2,0.4573,3,3,0,0
6.55,0.0133,0,0,1,1,0.8754,2,1,1,0
8.0,0.0039,0,0,1,1,0.3633,2,2,1,0
5.82,0.0002,1,0,1,1,0.4187,2,0,1,1
7.21,0.0046,0,0,1,1,0.5121,4,0,1,0
6.21,0.8076,0,1,0,1,0.7618,6,1,3,1
6.71,0.0226,0,1,1,1,0.5412,1,0,2,0
7.81,0.4774,0,1,1,1,0.5594,0,1,0,0
4.7,0.0147,1,0,1,3,0.4521,2,1,1,1
10.0,0.1033,0,1,1,1,0.617,2,2,3,1
4.29,0.2312,0,1,1,0,0.5323,5,1,1,0
3.83,0.0322,0,1,1,0,0.3539,2,2,2,0
9.05,0.2072,0,0,1,2,0.5818,3,4,1,0
8.24,0.0854,0,1,1,1,0.5877,5,0,2,1
7.87,0.0876,0,1,1,3,1.0,0,0,0,1
7.88,0.1993,0,0,1,2,0.3972,4,0,2,1
6.47,0.0049,0,0,1,0,0.3402,4,1,2,0
4.53,0.0234,0,1,0,0,0.6198,2,1,1,0
6.67,0.0007,1,0,1,1,0.3018,5,3,1,1
5.01,0.3055,1,0,1,2,0.2817,0,2,1,1
8.65,0.0439,0,0,1,0,0.1908,2,1,2,1
6.18,0.1885,0,1,1,2,0.3564,2,1,3,0
4.68,0.1622,0,1,1,2,0.3625,5,2,1,1
5.79,0.0277,0,0,1,2,0.2292,3,2,2,0
7.41,0.0007,0,1,1,2,0.4874,5,1,2,1
5.26,0.1264,0,0,1,2,0.0,0,1,1,1
4.69,0.0,0,1,1,0,0.6729,1,1,2,0
7.04,0.058,0,0,0,1,0.4108,3,0,1,0
7.04,0.0224,0,1,1,0,0.4476,5,2,1,1
5.38,0.2085,0,0,1,0,0.6967,2,3,3,0
5.46,0.0077,0,0,0,3,0.6429,2,0,1,0
7.01,0.0788,0,0,1,1,0.3925,2,1,0,1
3.31,0.6322,0,1,1,2,0.6629,3,1,2,1
3.4,0.2748,0,1,0,2,0.9372,4,2,1,1
4.92,0.2927,0,0,1,2,0.297,1,1,0,0
6.03,0.0005,0,0,0,1,0.7384,2,0,0,0
7.18,0.0101,0,1,0,1,0.2717,1,0,1,1
9.75,0.0005,0,1,1,1,0.8439,2,2,0,1
8.39,0.0305,0,0,1,3,0.372,2,0,2,1
6.15,0.248,0,0,0,0,0.3625,3,1,1,1
6.46,0.0398,0,0,1,0,0.8373,1,0,2,0
4.29,0.1992,0,0,0,1,0.7304,3,1,1,1
6.46,0.5109,0,0,0,1,0.3802,9,2,1,1
5.86,0.0289,1,0,0,1,0.5818,3,2,0,1
7.21,0.0111,1,0,0,3,0.3725,3,1,0,1
4.68,0.3238,0,1,1,2,0.1518,0,1,3,0
7.64,0.2634,0,1,1,2,0.5973,2,2,0,1
9.87,0.0833,0,1,0,1,0.4609,5,0,1,1
6.26,0.0628,0,1,1,1,0.3135,2,0,2,0
7.38,0.5242,1,1,1,2,0.8762,4,0,3,1
8.02,0.3781,0,0,1,2,0.322,1,1,1,1
5.62,0.0707,0,1,1,1,0.586,2,1,1,0
6.99,0.0734,0,0,1,2,0.82,5,0,1,0
6.53,0.0055,0,1,0,3,0.486,1,2,1,1
6.71,0.1009,0,1,1,1,0.3665,3,0,1,0
4.8,0.0005,1,1,0,1,0.6244,1,0,2,1
6.55,0.0073,0,0,0,1,0.6639,2,1,2,1
7.6,0.0649,0,1,1,3,0.7691,2,1,1,1
9.69,0.2423,0,1,1,1,1.0,4,1,2,0
8.61,0.0083,0,0,1,2,0.4357,1,0,0,0
10.0,0.0315,0,1,1,2,0.599,5,1,2,1
4.81,0.2242,0,0,1,1,0.2327,1,1,2,1
8.42,0.1827,0,1,1,1,0.7166,2,0,1,0
6.9,0.0378,1,0,1,1,0.5959,1,1,1,1
10.0,0.0106,0,0,1,2,0.5053,1,2,3,1
4.72,0.1233,0,1,1,2,0.3955,6,0,2,1
4.65,0.3243,0,0,1,2,0.4629,2,2,0,0
5.18,0.0159,0,0,0,0,0.6091,1,1,1,0
1.83,0.4013,0,0,1,0,0.3085,0,2,0,0
5.34,0.1609,0,1,0,2,0.4732,4,1,0,1
4.83,0.2424,1,0,1,1,0.5542,1,0,0,0
6.83,0.1325,0,1,0,0,0.1651,5,0,2,1
7.25,0.0728,0,1,1,0,0.2872,4,1,1,0
10.0,0.0083,0,0,0,1,0.385,1,3,1,1
8.59,0.1145,0,1,1,0,0.9421,4,0,0,0
5.23,0.2593,0,0,0,1,0.3423,0,2,0,1
4.52,0.1772,0,0,1,2,0.5361,3,3,2,0
7.58,0.0942,0,0,1,1,0.2899,1,1,2,0
3.6,0.4718,0,0,0,3,0.3559,4,2,1,1
10.0,0.4322,0,0,1,0,0.1897,1,1,0,0
9.09,0.1392,0,0,1,1,0.7176,6,1,2,1
5.47,0.2177,1,1,1,0,0.2186,3,2,3,1
2.73,0.4223,1,0,1,2,0.7768,2,2,1,0
9.48,0.7138,0,1,0,3,0.667,1,3,0,1
6.25,0.0402,0,0,1,1,0.5311,1,0,2,0
9.22,0.0013,1,0,0,1,0.785,0,2,0,1
2.99,0.6003,0,0,0,1,1.0,3,2,1,0
5.18,0.6052,0,0,0,2,0.6694,2,0,1,0
6.51,0.0679,0,1,0,2,0.27,1,1,1,1
6.6,0.0186,0,0,1,2,0.9223,6,0,3,0
5.51,0.0201,0,0,1,0,0.5965,2,3,2,0
7.87,0.0297,0,0,1,1,1.0,2,0,1,0
4.15,0.1917,0,0,1,2,0.4235,3,1,3,0
6.19,0.0731,0,0,1,2,0.8705,1,0,1,0
6.76,0.0331,0,0,0,1,0.55,2,0,1,0
7.63,0.0996,0,0,0,1,1.0,1,3,1,0
8.07,0.139,0,0,1,3,0.4796,3,0,2,1
4.03,0.2795,0,0,1,0,1.0,3,0,1,0
3.12,0.4484,0,1,1,1,0.66,2,1,3,1
9.31,0.2238,0,0,1,1,0.7617,3,1,1,0
7.23,0.2291,0,0,0,0,0.9751,4,1,2,1
4.85,0.3135,1,0,0,1,0.3531,4,1,2,1
9.91,0.3293,0,0,1,2,0.7923,3,0,2,1
6.75,0.4767,0,0,1,1,0.4768,2,1,1,0
9.09,0.1006,1,0,1,1,0.5878,1,1,2,1
6.65,0.0008,0,0,1,2,0.5708,1,0,0,0
10.0,0.0696,0,0,1,3,0.6931,1,1,2,0
10.0,0.0632,0,1,1,2,0.6825,3,1,2,1
5.95,0.25,0,1,0,2,0.4062,0,0,1,0
8.64,0.0018,0,0,1,3,0.5812,3,1,1,1
7.92,0.2686,0,0,0,2,0.0,6,0,1,0
9.51,0.2845,0,1,0,3,0.7975,3,1,0,1
4.38,0.2084,1,1,1,2,0.9735,2,1,2,1
8.01,0.0015,0,1,1,2,0.5977,3,1,3,1
8.83,0.3759,0,0,1,2,0.1485,5,0,2,1
2.63,0.0095,0,0,0,3,0.7357,2,1,1,0
3.9,0.6046,0,1,1,2,0.3591,4,0,3,1
2.01,0.2843,0,1,0,2,0.5956,6,1,1,1
5.91,0.0363,0,0,1,1,0.7214,1,1,1,0
8.08,0.3235,1,1,1,3,0.6866,4,0,2,1
9.81,0.141,0,0,0,1,0.8202,3,1,1,1
6.66,0.3313,0,0,0,0,0.5866,3,1,3,1
10.0,0.0016,1,0,0,2,0.5933,2,2,2,1
3.46,0.015,0,0,1,1,0.7342,2,0,3,0
2.75,0.0525,0,1,1,0,0.5322,0,1,0,0
6.38,0.0099,0,1,1,1,0.378,4,0,1,0
7.34,0.2728,0,1,1,0,0.663,2,2,2,0
6.43,0.0047,0,0,1,0,0.2678,6,1,1,0
1.95,0.0988,1,0,1,1,0.5298,4,0,2,0
6.3,0.3057,1,0,1,2,0.2056,3,0,2,1
3.63,0.3537,0,0,1,1,0.4113,2,1,2,0
7.97,0.4798,0,1,0,2,0.4217,1,1,1,1
7.31,0.0492,0,0,1,2,0.3039,2,3,2,0
4.43,0.056,0,0,1,1,0.8251,2,1,2,0
5.37,0.0074,0,0,0,2,0.8045,5,1,2,1
4.17,0.1306,0,0,1,1,0.8785,4,1,2,0
6.36,0.0069,0,1,0,2,0.503,0,0,3,1
8.6,0.5648,0,0,0,1,0.4416,1,0,0,1
4.33,0.0,1,1,0,3,0.7509,0,2,3,1
7.61,0.011,0,1,1,0,0.5821,2,3,1,0
5.33,0.4448,0,0,1,1,0.5809,2,2,1,0
4.76,0.2801,0,0,0,1,0.0,4,4,3,1
6.26,0.1158,0,1,0,2,0.7391,2,2,2,1
4.22,0.1122,0,0,1,1,0.706,4,3,0,0
5.28,0.0077,1,1,1,1,0.5486,2,2,1,0
3.86,0.182,0,0,1,1,0.754,1,3,2,0
10.0,0.395,0,0,1,0,0.7004,0,0,1,0
6.58,0.1306,0,1,1,2,0.3758,3,1,2,1
4.96,0.0266,0,0,1,1,0.4951,1,2,2,0
6.97,0.0026,0,0,0,2,0.2981,1,0,3,1
6.25,0.0254,0,0,0,1,0.9156,3,2,1,0
6.01,0.2205,0,0,1,0,0.7943,1,2,1,0
7.85,0.0291,0,0,1,0,0.3465,1,1,1,0
8.17,0.0911,0,0,1,2,0.7047,3,2,1,0
5.33,0.0402,0,0,1,2,0.6196,1,2,0,1
5.23,0.0261,0,1,0,0,0.3785,2,0,1,0
5.89,0.2223,0,0,1,2,0.5811,1,1,3,0
1.44,0.0086,0,0,1,2,0.7646,1,0,2,0
3.17,0.0146,1,0,1,1,0.785,3,0,1,0
9.51,0.4397,1,0,0,1,1.0,5,0,1,1
10.0,0.2085,0,0,1,1,0.5736,2,0,2,0
5.95,0.0453,0,0,1,0,0.4906,2,2,2,0
7.77,0.0001,0,1,1,1,0.6905,6,4,1,0
7.18,0.067,0,0,1,2,0.5043,3,0,2,0
10.0,0.1993,1,0,1,1,0.4038,2,4,1,0
8.96,0.0949,0,1,1,1,0.3186,5,0,1,1
6.22,0.0021,1,0,1,1,0.0,2,0,2,1
4.4,0.0741,0,1,1,1,0.7337,1,0,1,0
2.97,0.2474,0,0,0,1,0.1405,3,2,3,1
6.95,0.008,0,1,0,2,0.33,4,0,1,1
4.84,0.099,1,1,1,0,0.6231,1,3,0,1
3.37,0.2568,0,1,1,2,0.4696,1,0,0,1
5.08,0.1029,0,0,1,0,1.0,4,0,1,0
4.12,0.2561,0,1,0,2,0.1727,1,2,1,1
10.0,0.2904,1,0,0,1,1.0,3,0,1,1
8.44,0.0733,0,1,1,2,0.8951,2,0,1,1
6.48,0.1445,0,0,0,2,0.7773,3,1,1,1
9.76,0.058,0,0,1,1,0.9098,1,2,1,0
6.67,0.0209,1,0,1,2,0.6512,5,0,2,1
4.61,0.0763,0,0,0,0,0.1242,3,0,3,0
9.85,0.0699,0,0,1,0,0.6787,4,0,1,0
7.69,0.1087,0,1,1,3,0.1798,2,0,1,1
4.22,0.0058,0,0,0,0,0.4179,6,0,1,1
6.08,0.0001,0,1,1,1,0.5305,3,1,0,0
4.57,0.1488,0,0,0,0,0.3222,2,0,1,0
3.46,0.0805,0,0,1,1,0.7865,3,3,3,0
8.54,0.0477,0,0,0,3,0.4966,3,0,2,1
10.0,0.1476,0,0,1,1,0.6523,0,1,2,0
3.42,0.0323,0,0,1,1,0.5476,2,2,0,0
7.74,0.204,1,1,0,1,0.5815,1,2,1,1
5.07,0.0225,0,0,0,1,0.3283,0,0,1,0
5.43,0.0431,0,1,1,1,0.2565,0,3,2,1
5.2,0.1005,0,0,1,1,0.5116,2,0,2,0
4.6,0.2805,0,1,1,1,0.3085,6,2,1,1
6.61,0.1451,0,0,0,2,0.8984,2,1,1,1
4.67,0.013,1,1,1,0,0.2059,2,1,1,1
7.1,0.0012,0,0,1,0,1.0,0,0,3,0
6.39,0.4362,0,0,0,3,0.6255,6,1,1,1
5.97,0.0739,0,0,1,2,0.5673,4,1,1,1
4.5,0.0192,0,0,0,2,0.4149,3,1,3,1
5.23,0.1047,0,0,1,2,0.7142,4,2,3,1
8.16,0.1023,0,0,1,1,0.4989,2,1,1,0
7.6,0.045,0,1,0,2,0.6251,2,1,2,1
4.35,0.5642,0,0,1,0,0.7605,4,0,1,0
6.72,0.0705,1,0,1,2,0.7173,2,1,1,1
8.15,0.0874,0,0,1,1,0.86,2,0,1,0
2.83,0.0168,0,1,0,3,0.6845,6,1,2,1
7.7,0.0138,0,0,0,2,0.3122,0,2,1,0
5.04,0.0174,1,0,1,0,0.0301,1,1,1,0
7.76,0.0116,0,0,0,1,0.6028,3,2,2,0
4.82,0.215,1,0,1,0,0.6064,5,0,2,0
2.53,0.0053,0,0,1,2,1.0,3,0,2,0
2.92,0.2327,0,1,1,1,0.521,1,0,1,1
6.61,0.46,0,0,1,1,0.6436,4,1,3,0
7.07,0.0112,0,0,1,3,0.7443,4,0,0,0
4.51,0.2944,0,1,1,3,0.6784,5,0,1,1
7.9,0.1231,0,0,1,3,0.761,6,1,3,1
2.84,0.1331,0,1,0,1,0.3454,0,1,2,1
6.35,0.1616,0,1,0,2,0.3059,1,3,2,1
3.84,0.2239,1,1,0,3,0.4799,4,0,1,1
5.07,0.0027,0,0,1,1,0.0065,4,0,1,0
6.6,0.1514,0,0,0,1,0.5401,1,1,3,0
4.61,0.0583,1,1,0,2,0.3851,3,0,1,1
5.65,0.2091,0,0,1,2,0.6306,2,0,1,0
8.71,0.0252,0,0,1,2,0.4837,2,0,1,0
5.23,0.1317,0,0,1,1,0.2961,1,0,1,0
8.34,0.1695,1,0,1,0,0.8777,3,0,2,0
4.01,0.0311,0,1,1,2,0.5706,3,0,1,0
7.67,0.0485,0,1,1,1,0.7657,2,1,1,0
9.67,0.0003,0,0,1,2,0.5959,4,2,1,1
1.06,0.1011,0,1,1,0,0.666,2,2,2,0
4.75,0.2797,0,0,1,0,0.2098,3,1,1,1
7.77,0.6798,0,1,0,1,0.8695,1,1,1,1
6.05,0.002,0,0,0,1,0.7697,4,1,2,0
7.32,0.0873,1,0,1,2,0.5453,2,1,2,0
5.17,0.1225,0,0,0,1,0.622,4,2,2,1
6.69,0.2044,0,0,0,2,0.8007,4,0,3,0
6.16,0.0336,0,0,1,2,0.457,1,1,2,0
9.07,0.0004,0,0,0,0,0.1542,1,2,3,1
7.06,0.1263,0,1,1,3,0.4617,2,0,0,0
7.24,0.0332,0,1,0,2,0.5881,3,2,2,0
5.59,0.0069,0,1,0,2,0.5419,6,0,1,0
5.43,0.0017,0,1,1,3,0.8794,3,2,2,1
5.55,0.2855,0,1,1,1,0.31,2,2,2,1
7.37,0.1429,0,1,1,1,0.3417,3,1,0,1
5.57,0.2694,1,0,1,0,0.2855,3,1,1,0
7.14,0.0015,0,1,1,1,0.6572,1,1,2,0
10.0,0.1287,0,0,0,1,0.1685,2,1,1,1
8.42,0.1303,0,0,1,2,0.7359,3,2,1,0
5.78,0.0292,0,0,0,0,0.3168,0,0,0,0
9.14,0.0493,0,0,1,0,0.3567,1,0,2,0
5.6,0.6142,0,1,0,1,0.9926,2,0,0,1
2.02,0.0575,1,1,0,0,0.8581,1,3,1,1
4.28,0.5789,0,1,1,2,0.5798,2,1,3,1
2.38,0.0334,0,1,1,2,0.2222,2,0,1,0
5.73,0.0487,0,0,1,1,1.0,4,0,2,0
6.54,0.1401,0,1,1,0,0.5009,3,1,2,0
10.0,0.0003,0,0,0,0,0.6119,5,1,0,0
7.22,0.2205,0,0,0,2,0.778,3,1,3,1
6.02,0.1359,0,1,1,3,0.0593,3,1,1,1
8.32,0.0396,0,1,0,1,0.39,4,1,1,1
1.64,0.0946,0,1,1,2,0.533,4,1,2,0
7.02,0.1235,0,0,1,2,0.5827,0,1,2,0
8.2,0.1547,0,1,0,0,0.2241,1,2,1,1
3.25,0.0465,0,0,1,3,0.6316,2,2,0,0
9.02,0.8462,0,0,1,1,0.5584,3,3,1,1
7.24,0.4955,0,0,1,3,0.9668,2,2,3,0
5.59,0.0716,0,0,0,1,0.8001,6,1,0,1
7.89,0.0423,0,0,0,1,0.4827,2,0,2,1
10.0,0.3313,0,0,1,3,0.501,1,2,1,1
6.9,0.162,0,1,1,1,0.8036,0,2,2,0
7.05,0.0695,0,0,1,2,0.6209,3,2,2,1
5.49,0.0285,0,0,1,0,0.2072,6,0,1,0
4.63,0.2815,0,0,1,2,1.0,6,1,0,0
8.33,0.2971,0,1,1,1,0.3025,3,0,0,0
4.62,0.0543,0,1,0,3,1.0,3,0,1,1
6.66,0.0669,0,0,1,0,0.657,3,2,3,0
5.45,0.0299,0,0,0,1,0.3911,3,0,3,1
7.55,0.4892,1,0,1,2,0.0,0,0,0,1
7.23,0.4711,0,0,0,3,0.7442,1,0,2,1
8.78,0.1029,0,0,1,1,0.1624,3,0,1,0
5.38,0.0326,0,0,1,1,0.6393,1,0,3,0
5.91,0.0355,0,0,0,1,1.0,0,3,2,0
4.35,0.3789,0,1,1,1,0.2656,2,1,3,1
5.52,0.0254,0,0,0,2,0.7345,3,1,1,1
7.33,0.0155,0,0,0,0,0.3471,2,1,2,0
8.17,0.0393,0,1,0,2,0.8333,2,3,2,1
4.47,0.2236,0,1,1,1,0.5665,0,3,1,0
8.41,0.0415,0,1,0,1,0.5452,4,2,3,1
9.48,0.2168,1,0,1,1,0.8518,1,1,1,1
7.41,0.0068,0,0,0,2,0.7063,3,1,3,1
10.0,0.2685,0,0,1,1,0.3488,1,1,2,0
4.8,0.1418,0,0,1,0,0.9968,1,0,2,0
3.76,0.9383,0,0,1,0,0.166,1,0,0,0
2.59,0.3119,0,1,0,2,0.6189,3,1,1,1
9.79,0.1248,1,1,1,1,0.3443,2,2,2,1
7.94,0.1108,0,1,0,3,0.1782,2,0,2,1
6.38,0.1136,1,1,1,2,0.2665,4,0,3,1
7.12,0.2318,0,0,1,1,0.5377,3,1,1,0
4.02,0.139,0,1,1,1,0.6374,2,2,2,1
10.0,0.0289,0,1,1,1,0.8147,3,2,2,0
6.78,0.0605,0,1,0,3,0.919,1,1,3,1
6.74,0.1582,0,0,0,1,0.6194,2,1,1,0
8.1,0.0382,0,0,0,0,0.4392,4,0,1,1
7.56,0.5392,1,0,1,1,0.8098,2,1,0,1
6.99,0.5552,0,0,0,2,0.3963,7,1,1,1
4.76,0.0218,0,1,1,2,0.1511,3,1,2,1
7.54,0.0,0,1,1,3,0.7848,0,1,1,1
10.0,0.0031,0,1,1,1,0.881,1,1,1,0
9.46,0.0,0,0,1,1,0.3445,4,0,2,0
10.0,0.4014,0,0,1,1,1.0,1,1,1,0
5.38,0.0312,0,0,1,3,0.6958,4,0,1,0
4.32,0.0827,0,1,1,3,0.6585,3,0,1,1
6.22,0.0219,1,0,1,3,0.4208,3,0,1,1
6.62,0.3271,0,1,1,1,0.8043,5,2,1,1
8.91,0.0578,0,1,1,1,0.1689,4,0,1,1
2.78,0.0311,0,1,0,1,0.4651,2,0,0,0
9.87,0.0115,0,1,1,1,0.3667,4,2,0,1
6.15,0.0925,0,1,1,0,0.2228,3,3,2,1
5.56,0.2096,0,0,1,0,0.7657,4,2,2,0
4.27,0.7553,0,1,1,1,0.6353,1,2,1,0
2.86,0.241,0,0,1,1,0.7512,4,3,1,0
8.31,0.3729,0,0,1,1,0.4804,5,1,0,1
6.66,0.0111,0,0,0,1,0.7963,0,0,1,0
3.66,0.3601,0,1,1,2,0.5693,4,3,1,0
3.65,0.0753,0,0,0,1,0.432,3,1,2,0
5.76,0.3136,0,1,1,2,0.3903,0,1,0,0
10.0,0.0014,0,1,0,1,0.0543,2,1,1,1
5.93,0.1759,0,1,0,2,0.8411,2,0,1,1
3.19,0.2322,0,0,0,0,0.8127,1,3,2,1
5.96,0.0504,0,1,1,0,1.0,2,1,1,0
5.9,0.4037,0,0,1,2,0.4663,1,1,0,0
0.57,0.3456,0,0,1,3,0.3833,2,0,1,1
6.38,0.039,0,1,1,0,0.1246,2,1,2,1
5.99,0.1103,0,0,1,0,0.79,2,1,2,0
8.03,0.1663,0,0,1,3,0.7325,0,1,1,0
10.0,0.2912,0,1,1,0,0.9379,5,1,1,1
8.98,0.0263,1,0,0,1,0.3208,3,0,1,1
5.91,0.2266,0,0,0,3,0.7291,3,0,0,1
4.07,0.2015,0,1,0,2,0.4195,3,1,3,1
10.0,0.1238,0,0,1,1,0.8859,2,1,1,0
6.63,0.2721,1,0,0,3,0.6841,4,0,1,0
6.53,0.3103,0,1,1,1,0.1611,0,1,1,0
6.45,0.4532,1,1,1,0,0.5172,4,0,2,1
6.94,0.1682,0,1,0,2,0.063,4,1,2,1
6.18,0.073,1,1,1,1,0.2592,1,0,1,1
5.24,0.6863,1,0,1,1,0.2743,2,2,2,1
5.3,0.2929,0,1,0,3,0.3898,1,1,2,0
6.43,0.0808,0,1,1,0,0.4843,2,1,1,0
5.3,0.0003,0,0,1,2,0.5911,1,2,1,0
4.93,0.2461,1,1,1,1,0.5786,3,0,3,0
6.73,0.057,1,1,0,1,0.544,3,1,1,1
5.94,0.0001,0,0,0,2,0.6331,0,0,1,0
9.81,0.5431,0,1,1,2,0.2376,4,0,3,1
0.67,0.0514,0,1,1,2,0.5683,2,1,1,0
8.9,0.0134,0,0,1,2,0.9086,2,2,1,0
9.24,0.0113,0,1,1,1,0.5085,2,0,2,0
1.94,0.0588,0,1,1,1,0.6737,3,2,1,0
5.75,0.0313,1,1,0,1,0.6504,6,3,1,1
5.68,0.4337,0,0,1,1,0.7656,3,1,1,0
3.4,0.4121,0,0,0,1,0.6218,2,0,1,1
4.79,0.3754,0,0,1,1,0.7613,4,2,1,0
4.06,0.3889,1,1,1,2,0.6768,3,1,2,1
10.0,0.039,0,1,1,1,0.7143,1,3,2,1
8.56,0.2243,0,0,1,3,0.6605,2,0,1,1
9.3,0.1044,0,0,1,1,0.2983,3,1,1,1
8.09,0.0378,0,0,0,1,0.2573,1,1,3,0
4.02,0.1934,0,1,1,2,0.4617,2,1,1,0
5.35,0.331,0,1,1,2,0.9379,7,1,2,1
7.58,0.0394,0,0,1,0,0.5071,2,2,2,0
3.81,0.0248,0,0,1,1,0.6274,3,0,0,0
8.07,0.7501,1,0,0,1,0.0582,3,0,1,1
5.97,0.0465,0,0,1,2,0.5984,2,3,1,0
5.68,0.4846,0,1,1,2,0.5715,5,1,2,1
8.06,0.0015,0,0,0,1,0.0,0,1,1,0
7.48,0.192,0,0,1,0,0.6227,4,0,2,0
5.71,0.0714,0,1,0,1,0.1373,6,1,2,1
9.05,0.1435,0,1,1,0,0.3687,3,1,1,1
4.12,0.1067,0,1,1,1,0.7986,4,0,1,0
7.86,0.0225,0,1,0,1,0.5894,1,2,0,1
7.8,0.0662,0,1,1,1,0.4379,0,0,3,1
5.82,0.2712,1,1,1,1,0.4165,1,0,2,1
7.22,0.5888,0,1,0,1,0.4455,2,0,1,1
3.75,0.1068,0,1,1,1,0.5902,2,0,1,1
8.53,0.0008,0,1,1,2,0.2498,2,0,0,1
6.09,0.1901,0,0,0,3,0.8311,4,1,1,0
5.35,0.0066,0,0,1,1,0.2631,0,0,1,0
8.81,0.5531,1,0,1,0,0.1182,4,0,2,1
4.95,0.1712,0,1,1,1,0.7978,2,1,1,0
3.4,0.2579,0,1,0,0,0.4408,5,0,2,1
3.08,0.4742,0,1,1,1,0.5676,2,2,0,1
7.83,0.6458,0,0,1,2,0.7137,5,1,2,1
3.68,0.0062,0,0,1,1,0.3701,4,1,2,0
10.0,0.4367,0,1,0,1,0.5843,3,0,1,1
1.92,0.0428,0,0,1,2,0.7121,3,1,1,0
10.0,0.5174,0,0,0,0,0.9608,3,0,1,1
6.96,0.3516,1,1,1,1,0.4222,4,1,2,1
6.29,0.1456,0,0,0,2,0.4343,3,0,3,0
5.3,0.0001,0,0,0,0,0.6908,3,2,0,0
7.38,0.1696,0,0,1,2,0.6021,0,1,1,0
6.42,0.384,0,0,0,3,0.5157,2,2,2,0
8.93,0.0147,0,0,1,2,0.9482,1,0,0,0
6.75,0.208,0,0,1,0,0.1294,0,2,1,0
6.83,0.5934,0,0,1,1,0.1946,0,1,0,0
5.7,0.0094,0,0,0,1,0.1323,3,1,1,0
6.37,0.0305,0,1,1,3,0.8504,3,1,1,0
7.18,0.1652,0,0,1,3,0.6787,2,1,1,1
2.74,0.2357,0,0,1,0,0.2073,3,1,2,0
3.53,0.2321,0,0,1,3,0.5192,2,2,2,0
8.14,0.0325,1,0,1,0,0.5431,2,0,1,1
6.88,0.4433,0,0,1,1,0.0,1,0,0,0
6.1,0.0005,0,0,0,1,0.5971,1,0,0,0
6.54,0.0006,0,1,1,1,0.2556,3,3,2,1
7.26,0.1435,0,1,1,2,0.7267,3,3,2,1
5.31,0.3275,0,1,0,1,0.2633,3,0,0,1
4.79,0.0002,0,0,0,2,0.6048,0,3,0,1
6.93,0.2359,1,1,0,3,0.8736,2,1,2,1
4.35,0.5395,0,0,0,2,0.7936,0,1,2,1
7.4,0.0286,0,1,0,1,0.6768,3,0,1,1
2.75,0.6998,0,0,0,2,0.5297,1,0,1,1
8.76,0.181,0,1,0,1,0.175,1,1,2,1
7.54,0.0588,0,1,1,2,0.4402,2,1,1,1
7.06,0.0298,0,0,1,0,0.4935,1,2,1,0
8.66,0.0559,0,0,1,2,0.4755,0,0,0,1
10.0,0.1653,0,0,1,2,0.1666,2,1,1,0
8.73,0.474,1,0,1,2,0.6586,5,0,3,1
2.45,0.0121,1,1,1,3,0.2548,1,1,1,1
3.68,0.3751,0,0,1,0,0.9365,3,1,3,0
5.13,0.0325,0,0,0,1,0.587,4,0,2,1
6.56,0.1284,0,1,1,1,0.7948,4,0,1,1
7.64,0.0011,0,0,1,1,0.7896,2,1,2,1
4.9,0.3086,0,0,1,1,1.0,2,2,1,0
6.91,0.0214,0,0,0,0,0.5955,1,2,0,1
4.84,0.0284,0,1,1,2,0.4525,3,1,0,0
5.15,0.2445,1,0,0,3,0.4573,0,0,0,1
3.41,0.0098,0,1,1,0,0.924,3,2,2,1
4.47,0.0158,0,0,1,0,0.2199,2,2,2,0
3.53,0.0732,0,0,1,1,0.3305,2,1,1,0
4.35,0.0952,0,0,0,1,0.6092,4,2,1,1
8.82,0.0172,0,1,1,2,0.5118,4,1,2,0
4.41,0.0207,0,0,0,0,0.7919,2,1,2,0
10.0,0.112,0,0,0,2,0.2153,0,2,1,0
7.59,0.1393,0,1,1,0,0.5333,4,1,1,0
6.91,0.2362,0,1,1,3,0.5032,2,0,1,1
4.61,0.2863,0,1,1,2,0.2819,3,0,2,1
8.04,0.7413,0,0,1,3,0.7697,2,1,2,1
5.23,0.016,1,0,0,0,0.5271,3,0,0,0
6.77,0.0921,0,0,1,1,0.5165,6,3,1,0
10.0,0.12,1,1,1,0,0.3438,2,1,0,1
6.29,0.0866,0,0,1,2,0.4575,0,1,2,1
9.03,0.252,1,0,1,1,0.2946,4,2,2,1
4.95,0.0447,0,0,1,2,0.7659,3,2,2,0
6.42,0.1134,0,0,1,2,0.8082,5,1,2,0
10.0,0.1628,0,1,1,1,0.97,2,0,1,0
5.12,0.1902,0,1,1,2,0.6585,3,1,1,0
10.0,0.6226,0,1,1,1,0.4652,4,0,2,1
8.06,0.0173,0,0,1,1,0.4328,3,0,2,0
5.26,0.0549,0,1,0,2,0.6727,0,1,0,0
7.89,0.0533,0,0,0,3,0.6002,2,4,3,1
8.64,0.054,0,0,1,2,0.5064,4,1,1,1
7.87,0.2097,0,0,0,2,0.4845,4,1,1,0
3.05,0.0211,0,0,1,3,0.8428,2,2,1,0
4.9,0.197,0,0,1,1,0.442,1,0,3,1
5.96,0.2289,1,0,1,3,0.8867,3,0,1,1
6.34,0.1454,0,1,1,0,0.5955,3,2,3,1
7.87,0.0086,1,1,0,1,0.458,1,0,2,1
6.89,0.1764,0,0,1,1,0.3537,3,1,1,0
3.56,0.0072,1,0,0,1,0.5114,3,1,1,1
7.34,0.4668,0,0,1,0,0.6758,1,0,2,0
7.84,0.1285,0,0,1,1,0.4557,2,0,1,1
7.73,0.2309,0,0,1,1,0.7626,7,0,0,0
8.88,0.0001,0,0,0,1,0.4433,2,1,1,1
8.33,0.0602,0,1,1,0,0.5188,1,2,1,1
7.51,0.279,0,0,0,2,0.2283,5,1,0,1
6.35,0.0829,0,0,1,1,0.6899,6,2,1,0
2.85,0.0856,0,1,1,1,0.4832,2,1,2,1
7.45,0.0459,0,1,0,0,0.9447,2,1,1,0
6.96,0.3013,0,0,1,0,0.7262,4,0,1,0
7.1,0.5923,0,0,1,2,0.5711,4,1,1,1
3.69,0.0404,0,1,1,2,0.8563,3,0,3,0
4.12,0.1713,0,1,1,2,0.6513,2,1,1,0
8.82,0.0386,0,0,1,1,0.8021,4,1,2,0
6.41,0.1947,0,1,1,0,0.3344,1,1,1,0
8.0,0.2326,1,0,1,0,0.6653,0,1,1,1
6.56,0.0676,0,1,1,2,0.6757,3,0,2,0
6.57,0.0901,0,0,1,2,0.1638,6,1,2,1
8.56,0.2961,0,0,1,3,0.9267,4,1,1,0
5.36,0.558,0,1,1,1,0.2599,3,0,2,0
6.71,0.0259,0,1,1,1,0.2253,1,0,0,0
5.48,0.1244,0,0,1,0,0.0,2,3,0,0
5.54,0.5355,0,0,1,2,0.6685,2,2,2,0
5.82,0.2165,0,0,1,1,0.1392,0,0,3,1
6.99,0.0031,0,0,0,1,0.4208,3,2,1,1
5.45,0.0156,0,0,1,3,0.7595,3,0,1,0
9.26,0.0,0,1,1,2,0.598,2,0,2,1
4.53,0.3375,1,0,1,0,0.3941,3,2,2,0
6.09,0.0584,0,1,1,0,0.1523,2,2,1,1
5.53,0.2964,0,1,1,2,0.5231,3,0,2,0
9.68,0.1393,0,0,1,1,0.7638,1,0,2,0
6.93,0.0604,0,1,1,2,0.7252,2,0,0,0
8.77,0.0084,0,1,1,0,0.9967,2,1,2,0
3.23,0.0535,0,0,0,2,0.3866,1,1,1,1
7.09,0.3395,1,1,1,2,0.2207,0,0,1,1
8.46,0.4337,0,1,1,2,0.6275,1,0,1,0
6.68,0.2109,0,0,1,1,0.6029,0,0,2,0
8.84,0.2115,0,0,1,1,0.5488,1,0,1,1
5.36,0.2013,0,1,0,0,0.3634,2,0,2,1
9.6,0.0537,0,0,1,3,0.0,2,1,1,0
10.0,0.1866,1,1,0,0,0.2983,3,3,2,1
5.7,0.0513,1,1,1,0,0.6893,1,0,2,0
5.52,0.0012,0,0,1,0,0.621,2,3,3,0
9.7,0.1983,0,0,0,2,0.7913,1,0,1,1
9.98,0.1333,1,0,1,2,0.6363,4,3,0,1
5.35,0.1601,0,0,1,2,0.734,1,0,2,0
5.58,0.1516,0,1,1,1,0.7412,0,3,1,0
5.88,0.0286,0,0,1,3,0.5551,0,0,0,1
3.54,0.4165,0,0,1,0,0.5569,2,0,2,0
4.48,0.4692,0,0,1,2,0.0,1,2,0,0
4.29,0.3362,0,1,1,1,0.3859,3,1,1,0
4.81,0.1667,0,0,1,1,0.3966,3,1,2,0
6.42,0.1405,0,1,1,0,0.5228,4,0,1,0
7.02,0.1102,0,1,0,0,0.3174,1,1,2,1
9.91,0.0685,0,1,1,1,0.7844,3,0,1,0
4.3,0.1599,0,0,1,0,0.3296,3,1,1,0
8.67,0.0982,0,0,1,1,0.8256,3,0,0,0
6.03,0.0152,0,0,0,0,0.3097,3,1,2,1
6.39,0.0551,0,0,0,0,0.3991,2,3,1,0
7.98,0.018,0,1,1,2,0.38,1,2,3,1
4.03,0.006,0,0,0,3,0.4259,1,1,2,1
7.34,0.0398,0,0,1,3,0.8447,5,1,2,1
6.87,0.1901,0,1,1,2,0.4682,3,1,1,1
7.58,0.3427,0,0,1,2,0.4746,2,0,2,0
7.14,0.1138,0,0,0,2,0.3646,3,0,1,0
10.0,0.0743,0,0,1,2,0.4851,3,2,1,1
5.1,0.626,0,1,1,1,0.6041,3,4,2,1
5.33,0.0385,0,0,0,0,0.4962,2,1,3,0
5.13,0.026,0,1,1,1,0.5124,3,1,0,0
5.28,0.0424,0,0,1,2,0.804,3,1,2,1
5.1,0.0757,1,0,1,2,0.6184,4,2,3,1
9.12,0.3637,0,1,0,1,0.2623,3,4,1,1
9.63,0.1264,0,1,0,0,0.5287,4,0,1,1
5.24,0.3117,0,0,1,1,0.4154,3,0,2,0
4.67,0.3256,0,1,1,2,0.6803,4,3,3,1
7.54,0.0613,0,0,1,1,0.5757,3,0,3,0
5.29,0.6564,0,1,0,1,0.8326,1,2,0,1
7.89,0.0105,0,1,1,1,0.365,0,1,2,1
6.95,0.0341,1,0,1,2,0.5019,5,1,1,1
3.17,0.3553,0,1,1,3,0.284,2,0,1,1
9.9,0.0044,1,0,1,3,0.5395,2,2,2,1
10.0,0.0502,0,1,1,0,0.1659,4,0,2,1
5.15,0.4958,1,1,0,1,0.6304,3,0,1,1
5.65,0.018,1,0,1,1,0.5361,3,2,1,1
7.13,0.0571,1,0,0,1,0.5888,0,1,1,0
7.24,0.4743,0,1,1,2,0.747,3,1,1,1
7.95,0.0027,1,0,1,1,0.6062,6,0,2,1
10.0,0.1064,1,1,1,2,0.2308,0,1,2,1
6.11,0.0055,0,0,1,1,0.411,4,2,1,1
4.74,0.1334,0,1,0,3,0.53,2,0,2,1
3.47,0.0442,0,0,0,0,0.468,2,2,1,0
4.89,0.2314,0,0,1,0,0.4985,1,3,0,1
6.43,0.2492,0,1,1,2,0.9554,1,0,0,0
10.0,0.5633,0,1,1,2,0.5751,2,2,1,1
5.36,0.0,0,0,1,1,0.6456,6,1,1,0
6.99,0.0824,0,0,1,3,0.0478,2,0,0,0
6.46,0.1048,0,1,0,1,0.7365,4,3,2,1
9.11,0.0997,0,1,0,1,1.0,1,0,1,0
10.0,0.2138,0,1,0,3,0.8864,3,2,3,1
5.33,0.0228,0,1,1,1,0.44,2,0,0,0
5.42,0.369,0,0,1,1,1.0,3,0,2,0
8.8,0.1495,0,1,1,2,0.5569,4,0,1,0
8.0,0.1471,0,1,1,2,0.6266,4,3,1,1
10.0,0.0312,0,0,1,1,0.4831,4,3,0,1
7.78,0.0719,0,0,1,1,0.4767,3,0,0,0
5.71,0.2388,0,0,1,1,0.0,3,2,1,0
7.8,0.6132,0,1,1,0,0.7469,4,2,1,1
8.94,0.111,0,1,1,3,0.4758,2,0,0,0
8.31,0.109,1,1,1,0,0.503,2,2,2,1
7.62,0.2815,0,0,0,0,0.6183,0,1,1,1
8.85,0.0145,0,1,1,2,0.4464,3,0,1,1
9.07,0.0179,1,1,1,2,0.616,2,0,0,0
9.54,0.048,1,0,1,2,0.8508,0,1,1,0
7.93,0.1474,1,0,0,1,0.6512,2,1,1,1
6.13,0.1055,0,1,0,2,0.5116,5,2,3,1
6.82,0.0543,0,1,0,1,0.5191,7,2,1,1
9.15,0.7076,1,0,0,1,0.6001,0,1,0,1
4.7,0.1199,1,0,1,2,0.342,4,3,1,1
7.31,0.1622,0,0,0,1,0.602,5,2,1,1
5.63,0.0683,0,0,1,2,0.7211,3,1,1,0
6.56,0.0611,0,0,1,1,0.5719,3,0,2,1
9.31,0.5607,0,0,1,3,0.444,0,2,1,1
6.92,0.2214,0,1,0,1,0.4782,4,1,1,1
6.6,0.0166,0,1,1,3,0.713,0,3,2,1
3.51,0.0012,0,0,0,2,0.275,2,1,1,1
8.14,0.0415,0,1,0,2,0.3459,1,1,0,1
7.92,0.2014,0,1,1,1,0.1483,2,1,2,1
10.0,0.1662,0,0,1,3,0.5585,4,1,1,0
5.82,0.098,0,0,0,1,0.7655,1,2,1,1
6.98,0.1137,0,1,1,1,0.8829,4,1,2,1
7.05,0.1184,0,1,0,2,0.9372,4,0,3,0
9.97,0.0004,0,0,1,1,0.3774,3,2,1,0
6.29,0.2144,0,0,1,1,0.6125,4,0,2,0
7.11,0.1795,0,1,1,2,0.4494,0,2,1,1
7.84,0.6038,0,0,0,0,0.9619,0,0,0,0
6.91,0.0961,0,1,1,2,0.8759,3,1,3,1
5.52,0.2698,0,1,1,2,0.592,3,1,2,0
6.93,0.2421,0,0,0,1,0.3952,3,0,2,0
8.86,0.3478,0,0,1,1,0.0,3,0,1,1
4.24,0.0431,1,0,1,2,0.1916,3,1,3,1
6.79,0.6323,0,0,1,2,0.0869,2,2,1,0
4.96,0.1388,0,0,1,1,0.1884,5,1,2,0
9.13,0.0034,0,1,0,1,1.0,5,0,0,0
3.15,0.135,0,0,1,1,0.2262,3,0,1,0
5.27,0.1507,1,0,1,2,0.2848,3,1,1,1
7.33,0.011,0,1,0,2,0.3199,1,0,1,1
9.94,0.0419,1,1,1,1,1.0,4,1,2,1
6.36,0.3338,0,1,1,2,0.5344,1,0,1,0
5.28,0.0076,1,0,1,2,0.7986,4,0,2,1
10.0,0.8796,0,0,1,0,0.5938,4,0,2,1
3.31,0.0344,1,0,1,2,0.0539,2,1,2,1
1.66,0.1562,0,0,0,2,0.9332,3,2,2,0
7.47,0.0077,0,1,0,3,0.6503,0,1,2,1
5.4,0.0469,0,0,1,1,0.5196,1,2,2,0
4.25,0.146,0,1,1,1,0.99,0,1,1,0
8.06,0.3019,0,0,1,3,0.4634,1,0,2,1
7.04,0.0179,0,0,1,0,0.5139,1,1,1,0
5.26,0.3447,0,1,1,1,0.4637,1,1,1,1
3.68,0.127,0,0,1,1,0.8191,3,1,0,0
8.42,0.0857,0,0,0,2,0.7535,0,0,2,0
7.93,0.0,0,0,1,1,0.6197,3,0,0,0
6.28,0.0173,0,1,1,3,0.2871,2,4,1,1
10.0,0.0001,0,0,1,1,0.4574,3,2,1,0
4.15,0.0206,0,0,0,2,0.287,4,1,0,1
3.14,0.1171,0,1,1,1,0.8401,3,1,3,1
4.98,0.0034,0,1,1,1,0.1563,2,1,3,1
6.4,0.2099,0,1,0,0,0.9486,3,0,2,1
7.04,0.0847,0,0,1,3,0.8719,1,2,1,0
5.97,0.0137,0,1,1,1,0.3204,5,0,0,1
7.27,0.2035,0,1,1,2,0.4459,3,1,1,1
3.75,0.2197,0,0,1,2,0.3719,4,0,2,0
9.68,0.0411,0,0,0,0,0.6576,3,1,1,0
6.32,0.187,0,1,1,2,0.9031,2,0,2,0
8.96,0.0732,0,1,0,0,0.8464,2,0,2,0
7.25,0.4711,1,1,1,2,0.4418,1,2,1,1
7.5,0.1415,0,1,0,0,0.8637,2,0,2,0
7.75,0.0113,0,0,1,2,0.843,3,0,1,0
7.48,0.3679,0,0,0,2,0.5028,2,4,1,1
7.91,0.0268,0,0,0,1,0.5476,3,1,1,0
9.42,0.1152,0,0,1,1,0.9354,2,1,2,0
6.93,0.0543,0,0,1,0,0.8146,5,0,3,0
8.06,0.0343,0,0,1,3,0.8562,1,0,0,0
6.3,0.0409,0,1,0,0,1.0,2,1,1,0
9.67,0.2654,0,0,1,1,0.6868,4,2,2,0
5.01,0.0609,0,0,1,1,0.6314,1,2,1,0
10.0,0.0739,0,1,1,3,0.8895,3,0,1,1
6.41,0.3713,1,1,1,1,1.0,4,0,2,1
3.35,0.024,0,0,0,0,0.3972,2,0,2,0
6.78,0.059,1,1,0,2,0.4995,2,1,2,1
5.0,0.0097,1,1,1,3,0.2954,1,1,2,1
8.35,0.004,1,0,1,2,0.6357,4,1,1,1
5.06,0.3574,1,0,1,1,0.7723,5,0,2,1
5.52,0.0043,1,0,1,1,0.3128,2,1,0,0
2.34,0.0904,0,1,1,0,0.8334,1,3,3,0
5.5,0.1978,0,0,1,1,0.4367,5,1,3,1
1.17,0.0033,0,0,1,1,0.4163,4,3,2,0
3.02,0.0622,0,1,1,2,0.8325,1,1,1,0
8.17,0.0846,0,0,0,2,0.3937,2,1,1,0
8.23,0.2622,0,0,0,2,0.1991,5,0,1,1
7.44,0.0012,0,0,1,0,0.7359,3,0,0,0
4.37,0.1258,1,0,1,2,0.5171,1,3,1,1
6.4,0.0354,0,1,0,1,0.8495,2,0,1,1
6.49,0.0441,0,1,0,1,0.7582,2,2,1,0
3.95,0.1251,0,0,1,1,0.1129,2,2,1,0
9.81,0.2285,0,0,1,0,0.8789,3,0,1,0
8.43,0.8835,1,0,1,0,1.0,2,2,0,1
6.01,0.0227,0,1,1,1,0.8084,3,2,1,0
6.56,0.033,0,1,1,0,0.8185,2,1,2,0
6.96,0.4419,0,0,1,1,0.4881,5,2,1,1
2.01,0.0057,0,0,0,1,0.4308,1,0,0,0
5.96,0.0019,0,0,1,3,0.6031,2,0,2,1
5.0,0.1425,0,0,0,3,0.78,7,1,0,0
4.3,0.1259,0,1,1,3,0.7737,6,1,2,1
5.88,0.1284,0,1,1,2,0.4406,0,1,1,0
10.0,0.374,1,1,0,3,0.4152,5,1,1,1
7.91,0.0688,0,0,0,2,0.1775,1,1,2,1
5.24,0.2877,0,0,0,3,0.7117,3,2,0,1
7.76,0.2405,0,0,1,2,0.4526,1,2,2,0
9.58,0.0556,0,0,0,2,0.4747,3,1,2,1
8.53,0.0002,1,0,1,0,0.982,4,1,0,1
6.63,0.0204,0,0,1,2,0.6996,3,0,2,0
5.08,0.4205,1,0,1,3,0.6307,3,1,2,1
8.04,0.0047,0,0,1,1,0.7575,3,1,3,0
7.37,0.0363,0,1,1,0,0.9052,3,1,2,0
8.47,0.1009,0,1,1,1,0.1456,7,3,1,1
7.9,0.385,0,0,0,2,0.4086,5,1,2,1
8.81,0.0405,0,0,0,2,0.492,3,0,1,0
5.32,0.0349,0,0,1,1,0.3054,3,1,2,0
9.4,0.1072,0,1,1,1,0.4837,2,4,2,1
6.93,0.2428,0,1,0,3,0.1622,3,0,2,1
10.0,0.0005,0,1,1,2,0.7805,5,0,1,1
4.98,0.1887,0,1,1,1,0.4206,3,1,1,1
10.0,0.0283,0,0,1,2,0.6002,3,1,3,0
6.94,0.0686,0,0,1,1,0.5628,4,1,2,1
5.07,0.5362,0,0,1,1,0.6894,3,2,2,1
5.44,0.177,0,1,1,2,0.0,3,1,1,0
5.8,0.3212,0,0,1,2,0.6626,3,0,1,0
7.43,0.5333,0,1,1,1,0.4812,0,2,1,1
7.65,0.1876,0,1,1,0,0.6517,4,0,1,0
5.24,0.2418,1,0,1,0,0.2551,2,0,1,0
6.45,0.2073,1,1,0,3,0.6534,6,1,2,1
10.0,0.1996,1,0,0,2,0.8746,3,3,0,0
10.0,0.2948,0,1,1,1,0.5974,2,4,1,1
7.46,0.1178,0,1,1,1,0.3707,3,0,1,0
6.58,0.0001,0,0,0,1,0.3816,4,1,3,0
6.76,0.0371,0,0,0,2,0.6941,0,0,2,0
7.85,0.0158,0,0,0,1,0.6924,3,0,1,1
4.25,0.2856,0,1,1,1,0.6391,1,1,2,1
5.93,0.0002,0,0,1,2,0.5406,8,4,2,0
2.83,0.3298,0,1,1,1,0.6007,4,0,0,0
7.38,0.1344,0,0,1,1,0.5338,4,1,2,1
7.92,0.4282,0,1,1,1,0.4548,4,0,0,1
5.44,0.1052,0,1,1,2,0.7394,5,0,1,1
9.96,0.057,1,1,1,2,0.6275,3,0,1,1
3.8,0.5824,0,0,1,1,0.8726,2,1,3,0
3.28,0.0524,0,0,1,0,0.8292,4,0,3,0
6.99,0.1698,0,0,1,1,0.6194,2,0,3,0
8.8,0.0732,0,0,1,0,0.6988,4,2,0,0
10.0,0.1809,0,0,1,0,0.3107,2,1,2,1
5.49,0.1974,0,0,1,1,0.5306,3,1,2,0
8.87,0.5657,0,1,1,3,0.6357,3,0,1,1
6.42,0.0077,0,0,1,2,0.1543,3,1,1,1
6.12,0.0002,0,1,1,2,0.6574,2,0,2,1
8.44,0.2207,0,0,1,2,0.3102,0,2,0,0
7.94,0.1118,0,0,1,2,0.3376,4,0,2,1
3.03,0.4036,1,0,1,2,0.4176,4,3,2,1
9.75,0.1894,0,0,0,2,0.5424,1,3,1,1
9.54,0.2819,1,0,0,1,0.218,1,0,2,1
5.12,0.3671,0,1,1,0,0.7642,1,2,1,0
7.37,0.0882,0,1,1,1,0.5944,0,0,1,0
7.59,0.2926,0,0,1,3,1.0,3,1,2,1
7.07,0.4647,1,0,1,1,0.625,2,0,2,1
5.29,0.0034,0,0,1,0,0.6927,2,0,1,0
5.02,0.2255,1,1,1,2,0.3365,1,1,1,1
6.44,0.4788,0,1,1,1,0.2545,1,0,1,0
9.08,0.0004,0,1,1,3,0.7048,3,2,2,1
7.7,0.258,0,0,0,0,0.2767,2,1,0,1
5.68,0.2471,0,0,1,2,0.7105,1,1,2,1
8.2,0.0252,0,0,1,2,0.9766,5,0,1,0
0.23,0.0714,0,1,1,3,0.7864,1,3,2,0
9.03,0.0102,0,0,1,1,0.6926,0,1,1,0
2.67,0.379,0,1,1,2,0.6174,4,0,1,1
5.7,0.0002,0,0,1,0,0.454,1,1,2,0
4.04,0.0015,0,0,0,0,0.5214,4,1,2,0
3.65,0.2629,0,0,1,1,0.4086,2,1,1,0
9.05,0.2235,0,1,0,2,0.2211,2,0,1,1
5.47,0.3044,0,0,1,1,0.5589,3,1,1,1
7.26,0.0054,1,1,1,1,0.827,5,1,1,1
6.4,0.6679,0,0,1,1,0.2278,5,3,2,1
7.55,0.029,1,0,1,1,0.8996,3,0,0,0
6.67,0.4951,0,0,0,1,0.8543,3,0,0,1
3.68,0.0218,0,1,0,0,0.6492,1,1,1,1
8.69,0.3762,0,0,1,3,0.6513,1,0,1,1
5.41,0.0004,0,0,1,1,0.5034,4,0,0,0
3.08,0.0292,0,0,0,1,0.5605,2,0,3,1
5.56,0.403,0,0,0,2,0.4341,2,1,1,1
9.8,0.0213,0,1,1,1,0.5579,5,1,0,0
8.37,0.0056,0,0,1,1,0.585,2,0,1,0
5.73,0.5577,0,1,0,1,1.0,5,0,3,1
5.73,0.4299,0,1,1,2,0.6914,2,1,3,0
5.79,0.1703,0,1,1,3,0.4976,0,0,2,1
10.0,0.2506,1,0,1,0,0.5253,4,0,1,0
7.34,0.0225,0,0,1,0,0.3717,3,1,0,0
7.45,0.0003,0,1,1,1,0.4129,0,2,1,1
8.77,0.0961,0,1,1,1,0.7777,1,0,0,0
7.03,0.717,0,0,0,0,0.4265,2,1,2,0
5.93,0.2619,0,0,0,2,0.3956,3,0,3,1
6.07,0.7177,0,1,0,1,0.4019,1,1,0,1
6.34,0.0004,0,0,1,2,0.3677,2,0,1,1
6.42,0.3781,0,1,1,1,0.8318,1,1,3,1
8.1,0.0369,0,0,1,3,0.5857,5,2,2,1
6.61,0.0392,0,0,1,0,0.4794,3,3,2,0
8.11,0.6131,0,0,1,2,0.5573,4,0,3,1
6.32,0.0094,0,0,1,2,0.6043,2,1,1,0
6.67,0.029,0,0,1,2,0.3632,0,1,2,0
2.1,0.3052,0,1,0,1,0.2026,2,2,2,1
8.52,0.0261,0,1,1,0,0.8846,3,1,2,0
7.26,0.0518,0,1,1,2,0.797,4,1,1,1
8.7,0.0306,1,1,0,2,0.6445,1,0,2,1
0.13,0.5146,0,0,0,0,0.7798,0,1,2,1
10.0,0.007,0,0,0,1,1.0,4,2,1,0
6.19,0.164,0,1,1,0,0.4161,3,1,1,0
8.94,0.6944,0,0,0,2,0.27,0,1,0,0
4.21,0.0,0,0,1,2,0.7154,2,1,2,1
7.85,0.0117,0,1,1,2,0.1833,1,1,1,0
4.18,0.0508,0,0,1,1,0.5595,2,1,1,0
5.13,0.1691,0,1,1,0,0.4754,2,1,1,0
10.0,0.177,0,1,1,2,0.7185,4,2,2,1
6.08,0.0041,1,0,1,1,0.4294,1,3,1,1
6.98,0.4619,1,0,1,0,0.8499,1,1,1,0
8.41,0.0122,0,1,1,1,0.3633,0,0,2,0
7.59,0.2927,0,0,1,1,0.7265,3,1,1,0
6.83,0.2418,0,0,1,2,0.3834,1,1,0,1
7.3,0.2227,0,0,0,0,0.6871,5,1,1,0
10.0,0.2836,0,1,1,1,0.2963,6,1,1,1
6.37,0.0107,1,1,0,1,0.544,2,2,1,1
6.94,0.3859,0,1,0,2,0.8805,3,1,2,1
8.81,0.0013,1,1,0,1,0.5788,5,0,1,1
8.93,0.5131,0,1,0,2,0.8458,2,0,2,1
9.11,0.1715,0,0,1,1,0.5434,4,0,0,0
7.91,0.1948,0,1,1,0,0.4237,2,0,1,1
3.99,0.0031,0,0,1,1,0.593,2,1,2,0
10.0,0.1703,0,0,0,3,0.7046,3,2,1,1
3.98,0.0527,0,1,1,1,0.0736,1,4,3,1
7.17,0.0296,0,0,0,2,0.6806,1,0,2,0
4.84,0.2778,1,1,1,3,0.315,2,1,2,1
6.36,0.2452,1,0,1,0,0.2529,2,0,1,0
7.22,0.0008,0,1,0,2,0.6846,4,2,1,1
7.21,0.0642,0,0,1,1,0.8846,3,0,0,0
7.43,0.6565,0,0,1,1,0.6041,3,0,0,0
10.0,0.3133,1,0,1,1,0.2111,3,1,1,1
7.5,0.4035,0,0,1,2,0.3824,2,1,2,1
5.96,0.4235,0,0,1,1,0.4454,3,1,3,0
8.62,0.0088,0,1,1,0,0.599,5,1,2,0
9.12,0.2848,0,1,1,0,0.532,1,4,2,0
3.8,0.2935,0,0,1,0,0.6738,3,0,1,0
7.81,0.1295,0,0,1,2,0.8,4,1,1,0
8.04,0.3491,0,0,1,1,0.6362,2,2,0,0
5.85,0.0354,0,0,1,3,0.7745,3,1,1,0
9.53,0.0886,1,1,1,2,0.4826,2,0,0,1
6.17,0.3071,0,0,1,2,1.0,1,1,1,0
6.78,0.6808,0,1,1,1,0.6883,5,1,1,1
6.12,0.1123,0,0,1,1,0.721,3,0,1,0
6.53,0.0,0,0,0,1,0.9894,2,0,2,0
4.09,0.0477,0,1,1,1,0.572,3,1,2,1
3.33,0.1024,0,0,1,1,0.3886,1,2,0,1
10.0,0.0197,1,1,1,0,0.8766,2,0,3,1
4.64,0.2313,0,1,1,3,0.8913,6,2,1,1
4.32,0.2047,0,1,1,0,0.5884,4,1,0,0
1.76,0.0418,0,0,1,0,0.9899,2,1,1,0
5.09,0.0063,0,1,0,2,0.5292,2,1,3,0
3.59,0.0313,0,1,0,0,0.7831,1,4,3,1
10.0,0.0186,1,0,0,0,0.9289,5,1,1,0
8.72,0.4763,0,0,0,0,0.5746,2,1,2,1
4.99,0.0093,0,0,1,0,0.6642,2,0,2,0
10.0,0.0021,0,0,1,1,0.8065,2,1,0,0
8.66,0.0308,0,1,0,1,0.4585,3,0,2,1
5.79,0.3807,0,0,1,1,0.3465,1,1,1,0
1.0,0.4053,0,1,1,1,0.8832,1,0,1,0
10.0,0.4821,0,0,0,1,0.6267,3,1,1,1
3.44,0.0065,1,0,1,2,0.4236,1,1,1,0
2.88,0.0001,1,1,1,1,0.5735,4,1,2,1
8.75,0.0667,0,0,0,0,0.6771,2,0,2,1
10.0,0.8067,0,0,0,2,0.1577,1,1,1,1
9.55,0.4553,0,1,1,2,0.729,3,0,2,1
7.74,0.2355,0,1,1,0,0.6521,1,2,0,1
7.81,0.0291,0,1,1,3,0.9638,1,0,3,1
8.38,0.1586,0,1,1,2,0.4953,1,0,1,0
8.17,0.051,0,1,1,0,0.8943,0,1,0,1
7.12,0.0008,0,0,1,3,0.5388,4,2,1,1
6.73,0.3063,0,1,1,1,0.5848,0,0,1,0
6.36,0.0189,1,1,1,3,0.6202,2,1,0,1
4.84,0.0039,0,0,1,0,1.0,6,1,0,0
5.88,0.0041,0,0,0,0,0.2401,2,2,3,0
2.78,0.2693,0,0,1,2,0.6738,1,1,1,0
6.28,0.2556,0,1,1,0,0.5606,2,1,1,1
4.33,0.427,0,0,1,0,0.5429,3,0,1,0
4.07,0.0016,0,1,1,2,0.6958,5,0,0,0
6.9,0.0849,0,0,0,0,0.8265,0,2,0,0
9.56,0.015,1,1,0,3,0.6829,2,2,0,1
8.52,0.0637,0,0,1,1,0.8588,3,1,2,0
3.04,0.2913,0,0,1,2,0.4873,0,1,1,1
4.32,0.045,0,1,1,1,0.5379,2,0,1,0
8.57,0.3889,0,0,0,1,0.2998,8,0,1,1
4.34,0.4222,1,0,1,1,1.0,0,1,1,0
6.01,0.0528,0,0,0,2,0.5033,4,1,1,1
7.71,0.0849,0,0,1,1,0.4757,0,2,1,0
4.37,0.0476,0,0,0,1,0.7017,5,0,1,0
6.73,0.0027,0,1,1,0,0.8268,3,4,2,0
3.57,0.0001,0,1,1,0,0.377,2,1,2,0
5.18,0.0681,0,1,1,1,0.8467,1,0,1,0
7.2,0.2947,0,0,1,2,0.4742,1,1,1,0
3.0,0.581,0,0,1,1,0.9077,1,2,2,0
7.47,0.1769,0,0,1,1,0.4148,0,2,1,0
6.46,0.0,0,1,1,3,0.7339,1,0,3,0
7.72,0.1004,1,0,1,2,0.5607,2,0,2,1
6.99,0.2063,0,1,1,3,0.2684,1,0,1,0
9.5,0.0816,0,0,1,3,0.196,0,1,1,0
6.78,0.1409,0,0,1,0,0.3643,2,1,1,0
5.56,0.2272,0,0,0,3,0.7981,1,1,1,0
6.77,0.2147,0,1,1,0,0.0642,3,1,1,1
7.7,0.0229,0,0,1,3,0.6335,2,0,0,0
6.61,0.5166,1,0,1,1,0.6117,0,0,0,1
6.59,0.139,0,1,1,1,0.1294,2,3,3,1
4.96,0.2059,0,1,1,2,0.3508,2,5,1,1
5.04,0.353,0,0,1,2,0.3503,1,0,2,1
3.41,0.3025,0,0,0,2,0.5632,3,1,2,0
10.0,0.0795,0,0,1,1,0.9166,2,2,1,1
3.76,0.0001,1,0,1,0,0.8187,5,1,2,0
4.98,0.1484,0,1,1,2,0.4599,2,1,0,0
4.92,0.06,0,0,1,0,0.3426,3,2,2,0
8.47,0.2086,0,1,1,2,0.1604,1,0,2,1
5.85,0.344,0,0,0,1,0.4553,1,2,1,0
9.25,0.1391,0,0,1,1,0.3253,0,0,1,0
5.02,0.019,0,1,1,2,0.541,3,4,0,1
7.11,0.6228,0,0,0,2,0.5504,2,0,2,0
4.66,0.0035,0,1,0,3,0.4311,4,1,2,0
10.0,0.1115,0,1,1,1,0.4363,3,0,1,1
3.89,0.3961,0,0,0,3,0.3766,2,1,1,1
7.18,0.0335,0,0,0,3,0.4219,2,1,1,1
7.89,0.1334,0,0,1,2,0.909,4,3,1,1
7.41,0.0139,0,1,1,2,0.6795,2,0,1,0
6.09,0.2942,0,0,1,2,0.6828,1,2,0,1
6.21,0.0151,0,0,1,0,0.803,6,0,0,0
6.6,0.7188,0,0,1,1,0.7809,3,0,2,0
6.18,0.3638,0,1,1,2,0.9062,1,0,1,0
8.62,0.0009,1,0,1,3,0.6971,3,2,1,1
10.0,0.5238,0,0,1,1,0.6013,2,0,1,0
5.27,0.774,0,1,1,2,0.4023,3,2,1,1
3.49,0.1291,1,0,1,2,0.344,1,0,0,0
6.31,0.036,0,0,1,1,0.7706,2,2,1,0
10.0,0.2321,0,1,1,0,0.5222,3,1,1,1
4.73,0.2978,0,1,1,2,0.21,4,0,2,1
10.0,0.0,0,0,1,1,0.0267,2,0,1,0
10.0,0.1143,0,0,1,1,1.0,2,3,0,0
5.28,0.0164,0,0,0,2,0.3035,3,2,2,1
7.75,0.4235,0,0,1,2,0.3784,1,3,1,1
10.0,0.0023,0,1,1,1,0.857,2,3,3,0
5.67,0.064,0,0,1,2,0.2479,3,0,3,1
6.05,0.6989,0,1,1,1,0.6829,3,1,2,1
5.22,0.3343,0,0,1,1,1.0,1,1,1,0
4.27,0.5843,0,1,1,2,1.0,2,3,1,0
5.07,0.1092,0,0,1,2,0.4381,3,1,2,0
3.81,0.1378,1,1,1,1,0.547,3,2,1,1
6.57,0.0887,0,0,1,0,0.4509,1,1,1,1
4.81,0.0518,0,1,1,2,0.5455,1,1,1,1
7.01,0.3333,0,0,1,2,0.8746,2,0,1,0
3.08,0.042,0,0,1,1,0.2002,4,0,2,1
7.23,0.0898,0,1,1,0,0.712,2,0,2,0
8.33,0.0374,0,0,0,1,0.5011,3,1,2,0
2.11,0.2848,0,0,1,0,0.8921,2,2,2,0
7.32,0.0637,0,1,1,1,0.8789,5,1,2,0
9.2,0.1468,0,1,1,0,0.4482,4,0,3,0
3.84,0.5499,0,0,1,1,0.5223,3,1,1,0
10.0,0.0516,0,0,0,1,0.7732,3,1,3,1
7.42,0.2966,0,0,0,0,0.7958,3,1,1,0
4.95,0.0014,0,1,1,0,0.0,1,0,1,1
6.38,0.1672,0,0,0,2,0.7724,2,0,1,0
7.73,0.081,0,1,0,0,0.9616,1,0,1,0
6.67,0.3276,0,0,1,2,0.6139,4,2,1,0
7.69,0.0438,1,0,1,2,0.7875,2,0,3,1
4.47,0.0539,0,0,0,0,0.8697,1,2,0,0
6.87,0.0035,0,1,0,0,0.6054,4,2,3,1
3.39,0.0041,0,0,0,2,0.7536,4,1,2,0
6.26,0.388,0,0,0,1,0.5532,1,2,3,1
4.51,0.5643,0,0,0,1,0.537,2,0,2,0
4.88,0.011,1,0,1,2,0.3846,2,3,2,0
9.22,0.0042,0,0,1,0,0.5933,1,0,1,0
8.9,0.1999,1,0,1,2,1.0,2,2,3,1
7.84,0.0656,0,1,1,3,0.3244,5,0,1,1
4.1,0.0001,0,0,1,0,0.7042,3,3,1,0
5.8,0.0614,0,0,0,0,0.6302,1,0,3,0
9.17,0.0052,0,1,0,1,0.9187,1,1,1,1
6.81,0.1906,1,0,1,3,0.9657,2,1,0,1
10.0,0.1328,0,1,1,1,0.3189,1,2,2,1
7.37,0.0767,1,0,0,1,0.4064,2,0,1,1
6.92,0.1803,0,0,0,0,0.4201,3,3,1,1
5.82,0.2195,1,0,1,1,0.429,2,2,2,1
6.79,0.1162,0,0,1,0,0.4504,1,3,0,0
6.16,0.2793,0,0,1,1,0.6368,4,1,2,1
8.06,0.1068,0,0,1,1,0.3372,2,0,1,0
8.6,0.19,0,1,0,3,0.3723,4,0,1,1
4.77,0.5069,0,0,0,2,0.3524,3,0,3,1
3.57,0.0019,0,0,1,2,0.6732,1,2,2,0
2.46,0.0142,0,0,1,1,0.5341,6,0,1,0
7.62,0.8515,0,1,0,0,0.4897,1,1,1,1
4.07,0.0724,0,0,1,2,0.3395,1,1,2,1
1.76,0.0027,0,0,1,1,0.149,2,1,1,0
7.35,0.2558,0,1,0,1,0.9579,2,3,2,1
10.0,0.106,0,1,1,0,0.4778,1,3,1,0
6.49,0.0195,0,0,1,1,1.0,2,3,1,0
8.34,0.1569,0,1,1,0,0.7432,4,1,3,0
6.68,0.0797,1,0,1,1,1.0,1,0,0,0
6.28,0.0206,0,1,0,0,0.7984,4,0,1,1
8.52,0.0665,0,1,1,2,0.5896,2,0,3,1
5.86,0.2894,0,1,1,0,0.4006,1,0,3,0
7.09,0.0085,0,1,0,3,0.3058,4,2,2,1
7.21,0.692,0,0,1,2,0.8299,3,3,1,1
5.03,0.4014,0,0,0,2,0.6163,6,0,2,1
8.68,0.1272,0,0,0,3,0.7041,0,1,1,1
6.12,0.5236,0,0,1,0,0.7537,5,1,1,0
4.84,0.0108,0,0,0,2,0.639,5,1,1,0
7.68,0.0077,0,1,1,2,0.432,4,1,0,1
4.52,0.0735,0,0,1,0,0.8032,3,0,2,0
6.56,0.0611,0,0,0,1,0.5005,1,0,1,0
6.48,0.1772,0,0,1,1,0.5726,2,1,2,1
8.89,0.1136,0,1,1,1,0.7293,2,1,1,0
7.54,0.0965,1,0,1,3,0.5353,4,2,1,1
6.44,0.2667,0,0,1,1,0.0955,3,1,1,1
8.3,0.005,1,1,1,0,0.8101,2,1,2,1
9.56,0.5326,1,1,0,3,0.8637,1,3,1,1
7.73,0.1,0,1,0,0,0.0922,2,0,3,1
6.52,0.0063,0,1,1,2,0.2892,3,1,1,1
3.61,0.0366,0,0,0,3,1.0,1,1,2,1
4.16,0.3277,0,1,1,2,0.608,3,1,2,1
5.83,0.1156,0,0,1,2,0.5509,3,2,1,0
5.16,0.199,0,0,0,2,0.4434,2,0,2,0
6.09,0.219,0,0,0,2,0.2923,3,1,1,1
6.62,0.0525,0,0,0,1,0.5014,0,1,2,0
7.67,0.1851,0,0,1,1,0.7936,6,1,2,1
6.34,0.0361,0,0,1,1,0.5461,1,0,1,0
7.57,0.2076,0,0,0,2,0.7026,2,0,1,1
6.64,0.3646,0,0,0,2,0.9914,3,1,1,0
2.15,0.3866,0,1,1,1,0.4049,1,0,1,0
4.43,0.1013,0,0,0,2,0.6257,5,0,1,1
6.18,0.0005,0,1,1,2,0.8011,1,2,1,0
3.84,0.0038,0,0,1,2,0.3168,2,0,2,0
7.82,0.2848,1,1,1,0,0.5945,3,0,2,1
9.87,0.0727,0,1,1,1,1.0,2,2,1,1
9.18,0.055,0,1,1,1,0.4649,1,0,0,0
6.03,0.0032,0,0,1,1,0.8171,0,0,2,0
9.78,0.164,0,0,0,0,0.5147,1,0,2,0
6.83,0.0308,0,0,1,2,0.9999,2,2,2,0
5.76,0.4472,0,0,1,0,0.1386,1,1,1,0
5.15,0.042,0,0,0,1,0.5662,3,0,3,1
5.83,0.0002,0,1,0,2,0.1803,2,1,1,1
5.65,0.1235,1,0,0,0,0.3748,2,2,1,0
6.87,0.0292,0,0,0,2,0.3733,1,1,1,0
6.85,0.0157,0,0,1,3,0.4833,4,1,3,0
6.51,0.3681,0,0,0,2,0.2529,0,1,1,1
7.46,0.1297,1,1,1,2,0.5321,0,0,2,1
9.12,0.0278,0,1,1,2,0.6651,7,0,0,0
8.59,0.0016,0,0,1,1,0.167,3,1,1,1
3.23,0.0345,0,0,1,1,0.3913,2,2,1,1
0.88,0.0057,0,1,1,1,1.0,6,0,2,0
8.56,0.1288,0,0,0,1,0.6323,2,0,0,0
3.49,0.0001,0,1,0,0,0.0956,1,1,0,1
6.01,0.0501,0,1,0,1,0.1999,1,0,0,1
3.93,0.3612,1,0,1,2,0.6065,2,0,2,1
2.54,0.0142,0,0,0,2,0.5752,3,0,0,0
7.69,0.1905,0,0,1,1,0.4031,2,1,1,0
8.17,0.0003,0,1,1,1,1.0,2,3,1,0
5.23,0.0328,0,0,0,2,1.0,6,0,1,0
0.8,0.2241,0,0,1,2,0.4839,1,3,2,0
5.3,0.0888,1,1,1,1,0.7682,4,0,1,1
7.36,0.0118,0,1,1,1,0.7808,1,1,2,0
3.25,0.2511,0,0,1,1,0.814,3,0,1,0
6.9,0.0252,0,0,0,1,0.39,2,1,2,1
6.47,0.0536,0,0,0,2,1.0,3,0,2,1
7.77,0.2006,0,0,0,1,0.5329,2,0,1,0
6.76,0.2394,0,0,0,0,0.6555,0,0,0,0
4.36,0.8756,1,1,1,0,0.5505,0,0,0,1
9.13,0.0672,1,0,1,3,0.5151,1,2,1,1
6.15,0.217,0,0,0,1,0.6196,4,1,1,0
6.44,0.0221,0,0,0,0,0.2535,4,1,1,0
4.45,0.5001,0,0,1,2,0.0572,3,0,1,0
5.52,0.0003,1,1,0,2,0.4967,2,0,1,1
4.55,0.1399,0,1,1,2,0.3299,2,0,1,1
6.12,0.2471,0,1,0,1,0.6869,3,0,1,1
10.0,0.256,0,1,1,3,0.6584,1,1,3,1
3.48,0.0174,0,1,1,0,0.5534,2,2,0,1
2.95,0.4155,0,0,1,1,0.9204,5,0,0,0
9.74,0.6138,0,0,0,1,0.5484,3,0,1,0
6.04,0.0038,0,1,1,0,0.1855,2,3,0,1
5.03,0.2236,0,0,1,1,0.4941,4,0,2,0
8.79,0.1413,0,0,1,2,0.8427,2,1,2,0
5.17,0.0812,0,0,1,1,0.0789,3,3,1,1
10.0,0.0855,0,0,1,2,0.5265,4,1,2,1
7.99,0.1054,0,0,1,2,0.6939,2,1,2,0
5.43,0.0815,0,1,0,2,1.0,3,2,0,1
10.0,0.4294,0,0,1,2,0.8521,4,1,2,1
5.17,0.4597,0,1,1,2,0.5832,1,0,2,1
8.13,0.0051,0,0,0,2,0.6802,1,2,1,1
7.16,0.0276,0,0,1,2,0.0756,4,3,2,1
9.36,0.0477,0,0,1,1,0.2876,2,0,2,0
9.94,0.0418,0,0,1,1,0.7127,1,2,2,0
6.57,0.0132,1,1,1,0,0.5903,3,1,0,1
4.84,0.0693,0,0,0,2,0.6222,2,2,0,0
7.51,0.1495,1,0,0,1,0.5585,1,1,3,1
5.01,0.0618,0,0,0,1,0.5487,2,0,1,0
10.0,0.2712,0,0,1,1,0.5757,0,2,2,1
6.8,0.1067,1,0,1,2,0.286,1,2,3,0
5.7,0.0073,0,0,1,3,0.4928,1,2,0,0
6.91,0.3411,0,0,1,2,0.239,0,3,1,1
3.54,0.4339,0,1,0,2,0.3951,3,0,1,1
4.36,0.6771,0,1,1,1,0.849,2,0,0,1
9.14,0.0319,0,0,1,1,0.5048,4,1,2,0
5.05,0.0222,0,0,1,1,0.699,3,2,2,0
4.2,0.5171,0,1,1,1,0.5788,5,1,0,1
7.68,0.3955,0,1,1,1,0.4538,2,1,2,1
9.11,0.011,0,0,1,3,0.2979,3,3,3,1
8.08,0.1103,0,0,1,1,0.45,1,0,3,0
8.69,0.0573,1,0,1,1,0.5958,2,1,1,0
4.84,0.0636,0,0,1,3,0.695,0,1,2,0
3.37,0.3007,0,0,1,1,0.5806,3,2,2,0
9.8,0.2807,0,0,0,1,0.7124,1,3,2,0
5.79,0.1657,0,1,1,1,0.17,4,0,1,1
5.95,0.1865,0,0,0,1,0.7667,6,2,1,1
9.42,0.0231,1,0,0,2,0.2679,7,2,1,1
7.72,0.0042,0,1,0,1,0.7959,5,1,0,1
7.5,0.0225,0,1,1,2,0.6756,4,0,1,1
10.0,0.0768,1,0,0,2,0.0825,2,0,1,1
5.08,0.0384,1,0,1,1,0.7342,4,0,1,1
8.54,0.4485,0,0,1,0,0.7988,3,1,3,0
6.63,0.2911,0,0,0,2,0.8645,2,0,0,0
7.09,0.0,0,0,1,1,0.3579,3,0,2,0
9.86,0.7622,0,0,0,1,0.5949,2,1,0,1
7.62,0.4036,0,0,0,2,0.7236,3,0,2,1
7.68,0.0166,0,1,1,1,0.7341,6,1,1,0
8.86,0.0451,0,0,1,3,0.6524,2,3,0,0
5.7,0.0207,0,0,0,1,0.4433,1,1,2,1
4.65,0.0836,0,0,1,1,0.797,3,1,2,0
4.2,0.1293,1,1,0,2,0.7985,1,0,2,1
2.17,0.036,0,1,1,0,0.5114,1,2,3,0
10.0,0.0104,0,1,0,0,0.3541,1,0,0,0
4.07,0.049,0,1,1,3,0.368,4,1,1,0
6.01,0.0134,0,0,1,1,0.8912,0,0,1,0
5.89,0.3119,1,0,1,0,0.7877,4,1,1,1
7.18,0.0912,0,0,1,1,0.545,3,0,2,0
8.29,0.0805,0,0,1,0,0.5002,3,1,2,0
8.39,0.0022,1,0,1,2,0.108,2,2,2,1
5.22,0.5302,1,0,1,1,0.5289,2,0,1,0
6.13,0.0016,0,0,0,2,0.2522,2,1,2,0
7.12,0.3724,0,0,1,1,0.5897,1,1,0,0
5.95,0.1949,0,1,0,3,0.8463,4,1,2,1
10.0,0.1248,0,0,1,1,0.3049,3,2,1,1
7.58,0.0545,1,0,1,2,0.6096,5,0,1,1
8.12,0.3156,0,0,1,3,0.7994,4,0,1,0
7.96,0.2072,0,1,0,1,0.6051,1,0,2,1
9.08,0.3836,0,1,1,0,0.419,2,3,1,1
6.9,0.1774,0,0,0,0,0.5526,2,1,2,0
3.65,0.0073,0,0,0,3,0.7893,1,3,1,0
7.38,0.4675,0,1,0,2,0.6156,3,3,3,1
5.07,0.0602,0,0,0,3,0.5492,2,1,1,1
5.34,0.0429,1,1,1,2,0.839,7,2,2,1
7.79,0.7153,0,0,1,1,0.6787,0,4,2,1
9.22,0.0183,0,0,0,0,0.2493,1,0,1,0
6.55,0.1038,0,1,1,3,0.7079,2,0,1,0
7.18,0.0458,0,0,1,1,0.7874,2,0,1,0
10.0,0.0013,0,0,1,1,0.2407,3,1,1,1
7.03,0.6235,0,0,1,1,0.0,3,2,1,1
10.0,0.366,0,1,0,0,0.2895,2,1,2,1
7.74,0.4108,0,0,1,1,0.5244,2,3,1,0
2.63,0.6135,0,0,1,2,0.8024,4,0,1,0
8.16,0.21,0,0,1,0,0.3273,3,1,2,1
7.34,0.5634,0,1,1,0,0.6888,4,1,1,1
9.34,0.2334,0,0,1,1,0.0,1,1,0,0
7.98,0.0011,0,0,1,2,0.5951,2,3,1,0
6.2,0.0948,0,0,1,0,0.4483,2,2,2,0
3.81,0.0081,0,1,0,0,1.0,3,1,1,1
6.04,0.1647,0,1,1,3,0.077,2,1,1,0
4.63,0.3114,0,0,1,0,0.5464,1,2,1,0
5.22,0.2356,0,1,1,0,0.0754,0,0,1,0
7.79,0.4815,0,0,0,1,0.4126,4,1,1,1
10.0,0.0007,0,0,0,1,0.1247,4,0,1,0
7.37,0.1666,0,1,0,1,1.0,1,1,1,0
3.87,0.3792,0,0,0,2,0.4611,3,0,1,0
7.48,0.0625,0,1,0,1,0.4972,4,0,2,1
9.13,0.3561,0,1,0,2,0.5393,2,2,2,1
5.16,0.4842,0,0,0,3,0.2669,4,1,1,1
6.21,0.2808,0,0,1,0,0.8138,1,1,1,0
6.53,0.0915,1,1,1,1,0.71,4,0,1,0
4.77,0.0224,0,0,1,2,0.7795,2,3,2,0
7.93,0.5336,0,0,0,1,0.2455,2,2,1,1
6.23,0.2042,0,0,0,2,0.8338,5,0,2,1
7.42,0.1459,0,0,1,2,0.805,1,2,1,0
4.55,0.0159,0,1,0,1,0.4919,4,2,3,1
5.54,0.0025,0,0,1,0,0.7738,1,0,1,0
8.09,0.0334,0,1,1,0,0.6182,2,2,1,1
5.68,0.0017,0,1,1,1,0.1515,3,1,3,1
10.0,0.0485,0,0,1,0,0.5043,2,1,2,0
5.62,0.2454,1,0,1,2,0.4296,3,0,1,1
6.99,0.2576,0,1,1,1,0.5714,3,0,2,0
8.55,0.2415,1,1,0,2,0.8053,3,3,1,1
3.38,0.0099,0,0,1,1,0.1397,2,0,2,0
2.63,0.0251,0,0,1,2,0.4391,4,2,1,0
3.14,0.0567,1,0,1,2,0.3445,3,0,3,1
9.28,0.0302,0,0,1,2,0.3553,2,2,1,1
5.29,0.0004,0,0,1,1,0.3442,6,2,0,0
10.0,0.1368,0,1,1,0,0.567,2,1,2,0
5.26,0.0744,0,0,1,1,0.6808,3,1,2,0
6.91,0.052,1,1,1,1,0.6371,5,2,2,0
9.89,0.3568,0,1,1,3,0.5964,6,2,2,1
10.0,0.1611,0,0,1,1,0.7054,5,1,3,0
10.0,0.0133,0,0,1,2,1.0,3,0,2,1
9.16,0.0002,0,1,1,2,0.584,3,1,2,0
8.75,0.1399,0,1,1,1,0.8053,5,0,1,0
7.8,0.5796,0,1,0,1,0.791,3,3,2,1
8.21,0.2659,0,0,1,1,0.9944,3,2,3,1
5.29,0.0007,0,0,0,0,0.6901,2,2,1,0
4.7,0.1834,0,1,1,2,0.3389,4,1,2,0
6.49,0.0186,0,0,1,2,0.6262,2,1,0,1
6.13,0.2989,0,1,1,1,0.6128,1,1,2,1
5.5,0.1783,0,0,1,1,0.7538,0,2,1,0
8.03,0.0149,1,1,1,1,0.3317,2,0,2,1
8.6,0.0076,0,0,0,1,0.8666,1,0,1,0
6.69,0.1237,0,1,1,1,0.5513,5,0,1,0
9.75,0.0003,0,0,1,2,0.7598,2,1,3,1
3.99,0.2647,0,1,1,1,0.6274,4,1,1,1
6.07,0.0646,0,0,1,1,0.5806,2,1,1,0
4.92,0.0023,0,0,1,0,0.6085,1,1,2,0
2.39,0.1468,0,0,0,2,0.718,1,0,1,0
6.32,0.0138,0,1,1,1,1.0,2,1,0,0
6.23,0.0755,1,0,0,1,0.0457,2,1,2,1
9.83,0.0246,0,0,0,1,0.685,2,0,2,1
7.89,0.1017,1,0,1,1,0.561,3,0,1,1
4.25,0.1035,0,0,1,1,0.5057,0,2,1,0
10.0,0.0325,0,0,0,2,0.0,3,0,2,1
9.19,0.096,0,0,1,1,0.6951,1,1,2,0
7.78,0.4732,0,1,1,2,0.5188,2,0,2,1
6.0,0.0004,0,0,1,2,0.3414,2,0,1,0
4.39,0.0688,1,1,1,2,0.5606,2,0,2,1
5.68,0.5562,0,1,0,1,0.4768,2,2,2,1
8.9,0.6973,0,1,1,2,0.1144,0,0,1,1
10.0,0.0024,0,1,1,2,0.572,3,1,3,1
9.9,0.3188,0,0,1,1,0.695,2,1,1,0
5.42,0.0932,0,1,1,2,0.4127,4,0,1,0
4.04,0.4522,0,0,0,0,0.6154,2,1,1,0
6.81,0.0411,0,0,1,0,0.577,2,2,2,0
2.61,0.0376,0,1,0,1,0.8114,0,0,1,0
7.21,0.1121,1,1,1,3,0.5241,2,0,1,1
6.18,0.0,0,0,1,2,0.7503,1,2,2,0
5.47,0.8457,0,0,1,2,0.4717,2,0,2,1
2.99,0.0046,0,0,0,0,1.0,2,1,0,0
7.63,0.0168,0,0,1,1,0.4408,2,2,1,0
5.33,0.18,0,1,1,1,0.3788,3,1,2,0
3.93,0.0199,0,0,0,2,0.5249,4,3,3,0
0.18,0.0014,1,0,1,0,0.368,5,1,0,0
6.44,0.0406,0,0,1,1,0.2378,2,1,2,0
10.0,0.0118,0,1,0,3,0.7319,0,3,1,1
10.0,0.0022,1,1,0,2,0.0,4,0,1,1
5.49,0.016,0,1,1,2,0.3706,2,0,1,0
5.18,0.2369,0,0,0,1,0.2146,2,2,2,1
7.53,0.0752,0,1,1,3,0.5855,4,0,1,1
4.3,0.0282,0,0,1,2,0.0027,0,0,1,0
7.16,0.2905,0,1,1,2,0.687,6,2,2,1
8.19,0.0553,0,0,0,3,0.714,1,3,1,1
9.2,0.3725,0,0,1,3,0.1418,6,2,1,1
6.28,0.2722,0,0,1,1,0.5977,2,1,1,1
6.05,0.0061,0,0,1,0,0.679,2,0,1,0
4.57,0.0001,0,0,1,2,0.7851,1,2,2,0
4.68,0.2134,0,1,0,1,0.1828,3,0,1,1
6.0,0.0204,0,0,1,1,0.1476,2,1,2,0
7.31,0.1097,1,0,1,2,0.9257,0,0,1,1
8.51,0.002,0,0,1,0,0.3445,4,0,1,0
4.73,0.0,0,0,0,0,0.4181,2,2,1,0
9.78,0.1131,1,1,0,1,0.7083,1,0,3,1
5.9,0.0663,0,0,1,0,0.2577,0,1,3,0
6.45,0.0582,1,1,1,2,0.4835,2,1,0,1
4.86,0.0017,0,0,1,3,0.7729,1,0,1,1
1.17,0.0102,0,1,0,2,0.1947,1,0,1,0
8.44,0.1247,0,0,1,2,0.425,4,0,1,0
8.12,0.2383,0,1,1,0,0.2683,2,0,1,0
5.88,0.6066,1,0,1,1,0.3565,2,1,2,1
6.65,0.0385,0,1,1,2,0.8464,4,3,0,1
7.64,0.0316,0,0,1,2,0.9013,2,0,2,0
3.06,0.7698,0,0,1,1,0.6145,1,0,1,0
5.34,0.0526,0,0,0,2,0.6831,8,1,2,1
8.25,0.2105,0,1,1,3,0.6762,6,2,2,1
3.74,0.4351,0,0,0,1,0.3819,4,1,2,0
7.15,0.1032,1,0,0,1,0.6095,3,0,2,1
3.52,0.1281,0,1,0,1,0.2262,4,1,2,0
7.53,0.0159,0,1,1,0,0.3104,1,3,2,0
6.42,0.1036,0,1,1,2,0.5283,4,1,1,0
2.95,0.0823,0,0,1,3,0.2848,4,1,0,0
9.06,0.6655,0,0,1,2,0.2318,0,2,3,1
4.88,0.3048,0,0,0,2,0.372,1,0,2,1
4.72,0.0857,0,1,1,2,0.8366,4,0,1,0
6.94,0.0072,1,1,1,1,0.9393,4,5,1,1
9.03,0.0004,0,1,1,2,0.5419,3,0,2,1
4.27,0.0001,0,1,0,2,0.6955,5,0,3,0
6.64,0.6965,0,1,1,2,0.4091,6,1,1,1
7.44,0.173,0,1,1,0,0.0336,4,0,2,1
8.02,0.0147,0,0,1,1,0.3266,1,1,1,0
6.89,0.0131,0,1,1,1,0.4729,6,1,1,1
5.69,0.0074,0,1,1,2,0.5852,5,4,1,1
4.68,0.0291,0,0,0,1,0.5248,2,0,1,0
6.69,0.1629,0,0,1,1,0.4796,3,2,1,0
4.14,0.4514,0,0,0,2,0.4063,1,1,0,0
0.07,0.1948,0,1,0,1,0.636,2,1,1,0
7.46,0.1188,0,1,0,1,0.209,1,3,0,1
8.49,0.0555,0,0,1,2,0.7505,2,1,1,1
1.3,0.1072,0,1,1,0,0.4034,3,0,3,0
4.28,0.0986,0,0,1,0,1.0,3,3,1,0
7.86,0.0,0,1,0,0,0.4712,0,0,1,1
10.0,0.0638,0,1,0,0,0.43,3,0,0,1
6.55,0.1285,0,1,1,1,0.4093,2,1,1,0
4.9,0.2735,0,0,1,2,0.4324,0,0,1,0
6.1,0.4775,0,1,1,1,0.7018,1,0,1,1
9.52,0.1727,0,0,0,1,0.5394,6,1,2,1
5.08,0.0843,0,0,1,0,0.7968,1,1,1,0
4.74,0.0071,0,0,1,1,0.6661,4,2,0,0
5.44,0.0561,0,1,0,1,0.5579,3,0,1,0
4.4,0.013,0,1,1,1,0.6432,3,1,0,0
6.77,0.0217,1,0,1,1,0.8491,5,1,3,1
10.0,0.0914,0,1,0,0,0.7142,3,0,0,0
7.21,0.2599,0,0,1,0,0.6201,2,2,0,0
5.94,0.0083,1,0,1,0,0.6557,2,0,1,1
5.86,0.1789,0,0,1,2,0.2618,1,1,2,1
3.06,0.2809,0,0,0,1,1.0,4,1,1,0
8.44,0.6446,0,1,1,0,0.682,3,0,0,1
6.33,0.0672,0,1,0,1,0.707,1,0,2,0
6.1,0.2777,1,0,1,1,0.5428,2,0,2,1
10.0,0.0514,1,1,1,1,0.0,3,1,1,1
7.16,0.258,0,0,1,0,0.4837,3,0,2,1
4.85,0.0323,0,0,1,2,0.569,1,2,1,0
5.56,0.0522,0,0,0,2,0.3443,2,1,1,1
9.03,0.8519,0,1,1,1,0.3421,4,0,2,1
6.75,0.0058,0,1,0,1,0.4652,4,2,0,1
3.34,0.2382,0,0,0,0,0.7429,3,1,2,0
8.52,0.2268,0,0,1,2,0.8639,1,2,2,0
5.03,0.5989,1,0,1,1,0.5927,3,2,3,1
10.0,0.0996,0,0,1,0,0.4082,3,0,1,0
8.88,0.0057,0,1,1,1,0.4594,5,1,1,1
5.52,0.0131,0,0,1,3,0.5749,1,1,1,1
9.32,0.2737,1,1,1,1,0.6045,2,1,2,1
6.65,0.4619,0,0,0,1,0.6587,4,1,0,0
8.38,0.0053,0,0,1,2,0.4402,2,1,1,1
7.57,0.0737,0,0,0,1,0.6823,2,1,2,1
4.64,0.0421,1,0,0,1,0.6626,0,0,1,1
5.08,0.2415,1,1,0,2,0.4512,2,1,0,1
8.77,0.1086,0,0,0,2,0.1201,1,1,1,0
5.76,0.0012,0,0,1,2,0.3288,2,1,1,0
5.61,0.1892,0,1,1,1,0.9419,2,0,2,0
4.4,0.0883,0,1,1,2,0.1266,0,2,0,0
7.43,0.0272,1,1,1,2,0.8794,2,2,1,1
10.0,0.3968,0,0,1,1,0.1179,3,0,2,1
4.15,0.1309,0,0,1,0,0.3567,1,1,0,0
6.55,0.3132,0,1,1,2,0.4563,1,2,2,0
9.61,0.0261,0,1,0,0,0.9956,2,3,1,0
6.32,0.3199,0,0,0,0,0.5565,2,1,1,0
7.5,0.0562,0,0,1,1,0.4965,3,1,2,0
4.16,0.2528,0,0,1,1,0.3162,1,1,1,0
7.44,0.0578,0,0,0,2,0.6805,5,1,1,1
6.09,0.1596,0,0,1,1,0.4218,1,3,0,0
8.67,0.431,1,0,1,0,0.4927,4,2,1,1
9.11,0.0129,0,0,0,2,0.4604,2,1,0,0
10.0,0.4301,0,0,1,2,0.73,4,1,1,1
7.78,0.0152,0,0,1,2,0.7404,5,2,1,0
7.22,0.0487,0,0,0,1,0.3274,2,1,1,0
6.93,0.2455,0,0,1,0,0.3932,2,3,3,1
5.72,0.2223,0,1,1,1,0.3685,3,0,1,0
7.24,0.5999,1,0,1,0,0.5958,5,2,2,1
5.85,0.0209,0,1,0,0,0.7767,0,1,0,0
6.87,0.2348,0,1,1,2,0.5992,2,0,2,1
9.4,0.0186,0,0,0,1,0.0023,1,2,1,0
4.29,0.1063,0,0,0,1,0.7399,1,1,2,0
9.01,0.0343,0,0,1,2,0.2128,2,1,2,0
9.4,0.0027,1,1,1,1,0.3712,0,2,1,1
6.24,0.6576,0,0,1,0,0.5996,3,2,1,0
1.83,0.0901,0,0,1,1,0.529,2,0,2,0
5.16,0.2503,0,1,1,0,0.7682,2,0,2,1
9.35,0.0519,0,1,1,3,0.3973,3,1,1,1
6.45,0.625,1,0,0,2,0.3083,4,1,1,1
4.3,0.01,0,1,1,1,0.4721,3,2,0,1
5.39,0.0323,0,0,1,0,0.7943,1,1,2,0
8.35,0.0273,0,1,0,0,0.7074,5,1,1,0
7.7,0.004,0,0,1,2,0.5718,2,0,0,0
5.97,0.1682,0,1,1,3,0.8815,2,1,0,1
5.69,0.0771,0,0,0,0,0.8362,2,1,2,1
5.64,0.2126,0,0,0,3,0.7471,2,0,2,0
4.47,0.0647,0,0,1,1,0.2555,2,2,0,0
10.0,0.0338,0,1,1,1,0.7458,2,0,1,1
5.79,0.5447,0,0,0,0,0.4994,1,0,1,1
9.18,0.0811,0,0,1,2,0.4513,3,0,1,0
9.85,0.0009,0,0,1,1,0.3794,3,4,2,0
8.7,0.0337,0,0,1,2,0.5071,3,1,1,0
5.55,0.0844,0,1,1,1,0.3936,3,1,0,0
7.39,0.0102,0,1,1,2,0.5924,4,0,1,0
6.45,0.0404,0,1,1,0,0.5068,3,0,1,0
4.51,0.0623,0,1,1,0,0.6051,1,1,1,0
7.21,0.088,0,0,0,0,0.6883,3,0,2,0
3.91,0.6176,0,0,0,2,0.4764,0,2,2,1
9.11,0.2615,0,0,1,2,0.3657,1,0,1,1
5.48,0.018,0,1,1,0,0.0484,2,1,1,0
6.94,0.0419,0,1,0,1,0.7427,4,2,1,0
7.12,0.0142,1,0,1,2,0.5697,2,2,2,1
5.93,0.0182,0,0,1,1,0.506,0,1,3,0
7.79,0.287,0,0,1,3,0.843,2,2,1,1
5.46,0.0403,0,0,0,3,0.2279,0,4,3,1
8.42,0.5018,0,1,1,1,0.5641,1,0,1,1
3.54,0.3657,0,0,0,2,0.309,1,2,0,1
6.78,0.0866,0,1,1,2,0.714,3,1,2,1
10.0,0.268,0,1,1,1,0.0,5,2,1,1
4.3,0.0634,0,1,1,1,0.751,4,2,0,0
5.01,0.3951,0,1,0,0,0.7407,3,0,0,0
7.63,0.1191,0,0,1,3,0.3192,1,1,0,1
6.9,0.187,0,1,0,2,0.5666,2,2,1,1
7.27,0.1188,0,0,1,0,0.3246,3,0,2,0
7.58,0.1016,0,1,1,1,0.6569,2,2,2,0
7.9,0.1765,0,0,1,1,0.7551,3,0,3,0
8.94,0.1927,0,0,1,2,0.2988,3,2,1,1
7.4,0.4118,0,0,1,1,0.2258,1,2,0,1
5.97,0.2231,0,0,0,2,0.8241,2,2,3,0
7.98,0.0001,0,1,0,0,1.0,1,0,2,0
10.0,0.2777,0,1,1,1,0.6736,2,1,1,0
6.21,0.0072,0,0,0,1,0.6921,1,1,1,0
4.36,0.3181,1,0,0,0,0.467,4,1,1,0
8.94,0.0033,0,1,1,2,0.595,2,3,3,1
6.24,0.0803,0,0,1,2,0.6377,5,1,1,0
1.72,0.0526,0,1,0,3,0.5044,1,0,1,0
8.36,0.0057,0,0,1,2,0.8875,1,0,2,0
5.32,0.0034,0,1,1,1,0.5942,4,3,3,0
6.3,0.1871,0,1,1,3,0.6264,0,2,0,1
7.23,0.2055,0,0,0,2,0.5095,4,1,3,1
6.92,0.2384,1,0,1,1,0.5349,2,4,0,1
8.06,0.0008,0,1,1,1,0.8547,3,1,2,1
5.54,0.0085,1,1,1,3,0.5865,3,0,3,1
7.63,0.0166,0,1,1,2,0.5923,3,1,1,0
5.93,0.722,1,0,1,2,0.5956,2,0,1,1
8.13,0.0,1,0,1,0,0.4589,2,1,2,1
7.85,0.5371,0,0,0,2,0.198,4,2,1,0
4.44,0.7624,0,0,0,1,0.9431,1,3,1,1
8.89,0.4125,0,1,1,0,0.8171,4,0,0,0
5.32,0.1373,0,0,0,2,0.8623,2,1,2,1
8.28,0.4856,1,1,0,2,0.2819,3,3,1,1
7.31,0.005,0,1,1,1,0.9112,3,1,2,0
10.0,0.373,0,1,1,1,1.0,4,0,1,0
6.01,0.933,0,0,0,0,0.8112,3,2,2,1
5.73,0.0557,0,0,1,0,0.962,2,0,1,0
6.46,0.013,0,1,1,1,0.7495,5,0,0,0
5.83,0.0821,0,0,1,0,0.3383,2,0,1,0
8.26,0.1371,0,1,1,1,0.6769,3,0,2,0
2.94,0.0,0,1,1,2,0.2949,3,1,2,1
4.18,0.1163,1,0,1,0,0.4007,5,1,3,1
4.15,0.0148,0,0,1,0,0.6291,3,0,1,0
8.59,0.0155,0,0,1,3,0.5955,1,0,3,0
10.0,0.1102,0,1,1,2,0.6658,2,0,1,1
6.27,0.1558,0,0,1,0,0.102,9,1,1,1
6.13,0.201,0,1,1,0,0.5114,3,0,1,0
6.65,0.0478,0,1,1,2,0.6872,3,0,2,1
9.06,0.669,0,0,0,1,0.7371,1,1,2,1
4.46,0.1209,0,1,1,2,0.7534,3,2,1,1
7.02,0.6389,0,1,0,1,0.6128,1,1,1,1
8.65,0.0146,0,1,1,3,0.4552,5,2,1,1
7.6,0.1894,1,0,0,2,0.6754,5,1,3,1
6.92,0.0023,0,0,1,0,0.4751,0,1,1,0
8.7,0.0706,0,0,1,1,0.7753,1,0,2,0
0.55,0.5356,0,0,1,1,0.6568,1,0,0,0
7.99,0.0757,1,0,0,0,0.5346,2,1,3,1
5.06,0.3307,1,1,1,0,0.3578,2,0,2,1
2.47,0.0067,1,0,1,0,0.8299,3,3,0,1
7.62,0.5956,0,1,1,1,0.6898,2,1,1,0
9.52,0.5181,0,0,1,2,1.0,3,0,3,1
6.2,0.1101,0,0,1,0,0.6816,3,0,1,0
8.6,0.3677,1,0,0,2,0.7025,2,2,1,1
10.0,0.0009,0,1,1,2,0.1837,2,2,0,1
9.39,0.1602,1,0,1,3,0.6276,2,0,0,1
10.0,0.103,0,0,0,2,0.4709,5,0,2,1
8.13,0.0077,0,1,1,3,0.7566,4,2,2,0
6.67,0.0957,0,0,1,3,0.6337,0,0,2,0
2.98,0.0011,0,1,1,1,0.7963,3,1,1,0
5.96,0.0002,0,0,0,1,1.0,4,0,1,1
4.64,0.0564,0,0,1,1,0.3504,2,1,2,0
10.0,0.0394,0,0,1,1,0.7867,2,1,2,1
6.11,0.0811,0,1,1,0,0.7209,3,0,0,0
6.77,0.0919,0,1,1,2,1.0,3,0,3,1
7.71,0.061,0,0,1,0,0.7263,5,1,2,0
6.6,0.177,1,0,1,1,0.7004,1,1,0,0
10.0,0.0253,0,0,1,1,0.7629,0,2,3,0
5.13,0.0025,0,0,1,3,0.7803,5,3,3,1
6.93,0.1777,0,0,1,0,0.9136,3,0,3,1
4.87,0.0001,0,0,0,2,0.3452,2,0,2,0
3.6,0.4663,0,0,1,0,0.4519,6,2,1,1
5.15,0.5306,0,0,1,2,0.9838,5,2,3,1
6.42,0.0363,0,1,1,1,0.0603,1,0,2,1
5.56,0.243,0,1,1,1,0.5288,1,0,2,1
4.98,0.1396,0,0,0,3,0.5874,4,0,3,1
3.41,0.55,1,1,1,1,0.5058,0,0,1,1
6.32,0.0167,0,0,1,1,0.9452,2,0,3,0
3.19,0.6219,0,0,0,1,0.669,1,0,2,0
8.17,0.0426,1,1,1,2,0.4532,3,0,1,1
6.68,0.2772,0,1,1,3,0.3914,1,3,2,1
3.29,0.0979,0,0,0,2,0.6205,1,0,2,0
5.82,0.1926,0,0,1,1,0.8415,1,3,1,0
4.85,0.0929,0,1,1,1,0.5846,2,2,3,0
7.2,0.0209,0,1,0,1,0.5164,0,1,0,0
9.45,0.1279,1,1,1,2,0.3762,3,1,3,1
2.37,0.3465,0,1,1,1,0.6435,1,0,2,0
6.75,0.3163,0,0,0,2,0.6296,6,2,3,1
6.15,0.1186,1,0,0,1,0.3689,3,0,1,1
7.98,0.0111,1,1,1,1,0.8066,2,0,2,1
6.97,0.1532,0,0,1,1,0.9765,0,0,2,0
4.85,0.046,0,0,1,1,0.5622,0,0,2,0
5.8,0.0139,0,1,1,2,0.6255,0,2,1,0
4.75,0.076,0,0,1,0,0.2738,2,1,3,0
8.87,0.2089,0,0,1,0,0.7343,2,0,3,0
6.55,0.1915,0,0,1,0,0.666,0,3,1,0
10.0,0.0927,0,0,1,0,0.4685,2,1,1,0
6.37,0.0526,0,1,1,0,0.3641,3,1,1,1
4.94,0.1169,0,0,1,2,1.0,2,1,1,0
3.17,0.3287,0,0,1,1,0.6457,4,1,1,1
2.53,0.179,0,0,0,1,0.3206,2,4,2,0
3.01,0.2592,1,0,0,2,0.7639,2,2,1,1
7.09,0.028,0,0,0,2,0.6074,5,0,2,0
7.62,0.4705,0,0,1,0,0.5647,2,0,2,0
3.02,0.3163,1,1,0,2,0.7946,3,0,1,1
8.47,0.0315,0,1,0,3,0.0,3,0,1,1
5.44,0.0959,0,0,1,0,0.0982,3,1,2,0
6.82,0.1409,0,0,0,2,0.8948,2,2,1,0
10.0,0.3772,0,0,0,0,0.5178,3,0,2,1
8.47,0.0594,0,0,1,0,0.4433,3,1,2,0
5.91,0.0489,1,0,1,1,0.2156,3,0,0,1
4.54,0.5359,0,0,0,2,0.5985,4,0,0,1
1.77,0.0444,0,0,1,2,0.6293,0,0,0,0
4.92,0.2549,0,1,1,1,0.9102,5,2,1,0
6.04,0.0921,0,1,1,1,0.6431,3,1,2,0
4.33,0.0007,0,1,1,1,0.4743,1,0,1,0
6.21,0.0927,0,0,0,1,0.6514,3,2,1,1
6.67,0.0055,0,0,1,2,0.8274,3,3,1,0
6.01,0.0568,0,0,1,1,0.7728,2,0,2,0
5.07,0.0123,0,1,1,1,0.7054,3,1,0,1
6.87,0.0208,1,0,1,1,0.6186,0,0,1,0
7.47,0.3031,0,0,1,3,0.4047,1,2,1,0
4.1,0.1188,0,0,1,2,0.2918,2,0,2,1
9.6,0.0566,0,1,1,0,0.2522,4,2,0,1
6.28,0.2512,0,0,1,1,0.6485,1,3,2,0
6.54,0.4132,0,0,1,1,0.6746,6,2,1,1
8.06,0.0367,0,1,1,3,0.8236,3,1,0,1
7.01,0.2057,1,0,0,1,0.6904,3,1,3,1
8.6,0.0152,0,0,1,0,0.8127,2,0,1,0
7.13,0.4132,1,0,0,1,0.5174,0,1,1,1
5.15,0.4784,1,1,1,1,0.7427,3,0,0,1
7.3,0.038,0,0,0,1,0.2996,3,1,1,1
3.98,0.0088,0,0,0,1,0.535,2,2,1,0
6.74,0.1749,0,1,1,0,0.0921,1,0,2,0
6.43,0.0634,0,0,0,0,0.5579,6,0,2,1
6.04,0.063,1,1,0,1,0.8562,2,0,2,1
6.22,0.0386,0,1,1,1,0.5676,0,0,2,0
2.36,0.8987,0,0,1,2,0.7305,1,0,1,0
5.29,0.0847,0,0,1,1,0.6183,5,1,1,0
6.7,0.1693,0,1,1,0,0.4074,3,3,0,1
6.85,0.0246,0,1,0,2,0.5033,0,1,0,1
4.24,0.2812,0,1,1,2,0.8449,2,3,1,0
9.28,0.0155,0,0,1,1,0.7292,1,1,2,0
4.59,0.4136,0,1,1,1,0.3956,5,0,1,1
8.63,0.0014,1,0,1,2,0.2031,4,1,1,0
7.44,0.1386,0,0,1,0,0.6017,1,0,3,1
5.08,0.5224,1,1,1,3,0.4045,3,0,1,1
10.0,0.1867,0,1,0,2,0.5056,5,1,1,1
3.87,0.0857,0,0,0,1,0.1864,2,0,3,0
8.52,0.2376,0,1,1,1,0.8102,1,2,0,0
8.7,0.1046,0,0,0,0,0.5258,1,0,1,1
5.02,0.0385,0,0,1,3,0.5637,0,3,1,0
9.56,0.0219,0,1,0,2,0.3418,3,0,1,0
5.95,0.2976,1,0,1,1,0.4807,2,3,0,0
7.14,0.2017,0,1,1,0,0.5806,1,2,1,1
7.07,0.1089,1,1,1,2,0.3967,0,2,1,1
6.2,0.0319,0,0,1,3,0.496,3,1,2,0
8.28,0.342,1,1,1,2,0.8966,2,1,2,1
8.25,0.0131,0,0,1,0,0.1125,3,2,1,0
2.65,0.0291,0,0,0,1,0.5961,2,0,1,0
9.37,0.0463,0,1,1,0,0.3536,2,3,2,1
2.84,0.3146,1,1,1,3,0.8841,3,2,0,1
8.77,0.5097,0,0,1,1,0.5048,0,1,2,0
8.98,0.1625,0,0,0,2,0.2882,4,1,1,1
4.1,0.606,0,0,0,0,0.4961,3,1,1,1
5.6,0.1187,0,0,1,0,0.6374,3,0,1,0
4.07,0.0,1,0,0,2,1.0,1,0,3,0
6.03,0.0206,0,0,1,2,0.0225,5,1,0,0
5.82,0.072,0,0,1,1,0.2502,2,0,0,0
8.22,0.4191,0,1,0,1,0.8763,1,1,1,1
9.38,0.2649,1,0,1,2,0.1728,2,1,0,1
9.57,0.236,1,0,1,2,0.5524,5,0,1,1
5.26,0.1125,0,1,1,2,0.4292,1,0,2,0
6.04,0.0688,0,0,1,0,0.3899,2,2,1,0
2.8,0.0016,0,1,1,1,0.507,4,0,2,0
4.73,0.2048,0,0,1,2,0.4668,4,1,1,0
8.62,0.0075,0,0,1,2,0.8143,3,3,1,1
10.0,0.0612,0,0,1,1,0.8821,4,0,3,0
3.78,0.1335,0,0,1,3,0.6566,1,2,1,0
5.2,0.2512,0,0,1,0,0.491,3,1,3,0
6.44,0.0506,0,0,1,1,0.6146,2,2,2,0
7.12,0.0707,0,0,1,2,0.7513,2,0,1,0
4.72,0.0188,0,0,0,0,0.8004,2,0,1,0
7.43,0.0284,0,0,0,3,0.6425,2,0,2,0
5.46,0.0364,0,1,1,1,0.9319,1,0,2,0
6.47,0.1271,0,1,0,1,0.3959,1,0,1,1
7.7,0.6234,1,1,1,1,0.835,1,0,0,1
6.51,0.4044,0,1,1,1,0.7261,3,1,2,1
5.54,0.085,0,0,1,1,0.3975,4,1,2,0
6.26,0.0032,0,0,0,1,0.6082,2,2,1,0
6.31,0.0915,0,1,1,0,0.6254,2,1,1,1
5.69,0.0132,0,0,0,2,0.5145,1,0,1,0
5.93,0.1777,0,0,1,0,0.5118,3,1,1,0
10.0,0.1892,0,0,1,2,0.1688,6,1,0,1
7.73,0.0017,0,0,0,1,0.3777,2,0,2,1
5.85,0.1511,1,0,0,1,0.4904,1,0,1,0
8.03,0.0004,0,1,0,1,0.4069,0,0,2,1
5.77,0.0718,0,1,0,1,0.3361,3,0,3,1
9.08,0.0078,0,0,0,2,0.8153,3,1,1,0
7.31,0.0343,0,1,1,3,0.524,4,1,2,1
6.26,0.1953,0,0,1,1,1.0,1,0,3,0
7.48,0.2097,0,1,1,1,0.6057,3,0,2,1
3.04,0.0002,0,1,1,1,0.81,2,3,1,0
4.02,0.1871,0,0,1,3,0.498,5,1,2,0
3.87,0.5288,0,1,0,2,0.3846,2,1,2,1
6.81,0.0837,0,0,0,1,0.6157,1,2,1,1
10.0,0.0338,0,0,1,1,0.8739,2,0,1,0
10.0,0.0432,0,1,1,1,0.5277,3,1,2,1
7.9,0.1025,0,1,0,2,0.6617,3,0,0,1
7.6,0.0355,0,1,1,2,0.6144,1,0,3,0
2.54,0.0173,0,1,0,3,0.5255,1,0,3,1
5.31,0.0167,1,1,1,1,0.5383,0,1,1,1
4.77,0.0136,0,1,1,2,0.3004,3,2,2,1
5.13,0.1222,0,1,1,1,0.5472,5,2,1,0
6.13,0.16,0,0,0,2,0.7133,4,1,0,0
5.46,0.1592,0,0,0,1,0.6239,4,1,3,1
2.15,0.0411,0,0,1,2,0.596,2,1,0,0
8.15,0.0283,0,0,1,0,0.7313,1,1,0,0
4.14,0.3066,0,1,1,0,0.5987,0,2,2,0
7.03,0.1184,0,0,1,2,0.5535,2,1,0,0
10.0,0.08,0,0,1,3,0.7338,2,0,2,1
4.48,0.1438,1,1,0,2,0.5841,1,1,3,1
0.93,0.107,0,0,1,2,0.4909,1,2,1,0
5.87,0.2588,1,0,0,2,0.6671,4,0,0,1
8.92,0.231,0,0,1,1,0.5412,1,0,1,0
10.0,0.128,0,1,1,0,0.4796,6,0,3,1
3.79,0.006,1,0,1,3,0.5889,1,1,1,1
7.59,0.0871,1,1,0,3,0.5918,3,2,1,1
5.48,0.0425,0,0,1,1,0.2741,2,0,1,0
6.27,0.1086,0,1,0,1,0.6333,5,1,3,1
10.0,0.0147,0,0,1,2,1.0,1,2,1,0
3.19,0.0049,0,0,1,2,0.3051,2,0,1,0
7.06,0.2821,0,0,1,0,0.4244,5,1,1,1
7.53,0.0009,0,0,1,0,1.0,3,3,2,0
8.89,0.4663,0,0,1,3,0.3445,3,1,1,1
6.72,0.7858,0,0,0,0,0.8716,1,0,3,1
7.18,0.0,0,0,1,1,0.4928,4,0,1,0
5.64,0.6054,0,1,0,1,0.565,0,0,1,1
7.09,0.4923,0,0,1,0,0.5172,0,3,0,1
5.74,0.2453,0,1,0,1,0.6564,5,0,0,1
7.87,0.1185,0,1,0,1,0.1551,2,0,1,1
5.69,0.0403,0,0,0,1,0.5966,3,1,1,0
7.33,0.0003,0,0,0,2,0.4492,1,2,1,0
6.44,0.6213,0,1,1,1,0.0842,2,0,3,0
8.98,0.1898,0,1,1,1,0.8302,4,0,3,0
6.39,0.0681,0,1,0,1,0.0231,4,0,1,0
2.6,0.0165,1,1,0,0,1.0,4,1,1,1
9.28,0.1586,0,0,1,0,0.7042,3,1,1,0
4.51,0.0235,0,0,1,2,0.2098,1,0,2,0
5.06,0.7771,0,1,1,0,0.8845,2,1,0,0
5.19,0.2617,0,1,1,1,0.3624,8,1,1,1
9.52,0.383,0,1,1,2,0.3738,1,0,1,1
1.8,0.0283,1,1,1,1,0.0998,3,2,2,1
10.0,0.1672,0,0,1,1,0.334,2,1,2,0
8.82,0.162,0,1,0,2,0.3635,3,0,1,1
6.99,0.0529,0,1,1,2,0.7545,0,1,0,1
6.38,0.1225,0,0,0,2,0.8418,2,0,2,0
7.13,0.0309,1,0,1,1,0.2398,3,0,0,1
7.65,0.2422,0,0,1,3,0.6176,0,1,1,1
7.92,0.0437,0,1,1,2,0.0899,3,1,1,1
7.72,0.0006,0,0,0,1,0.6186,1,0,1,0
6.7,0.245,0,0,1,2,1.0,1,2,1,0
6.07,0.1416,0,0,0,0,0.105,4,1,1,0
6.17,0.0965,0,0,1,1,0.2963,1,1,1,0
6.07,0.0,0,0,1,1,0.7318,3,2,1,0
8.99,0.2342,0,1,1,1,0.7613,1,1,1,1
7.81,0.0751,0,1,1,0,0.3147,4,1,2,1
0.03,0.0366,1,0,1,1,0.9184,5,0,0,0
7.94,0.1826,0,1,1,1,0.3461,0,2,1,1
6.93,0.2665,0,1,0,2,0.9684,1,2,0,1
6.46,0.3925,0,0,0,1,0.6672,3,1,2,0
5.65,0.021,0,0,1,2,0.8678,1,1,2,0
8.97,0.0059,0,0,1,1,0.6427,1,3,2,0
8.58,0.1162,0,0,1,2,0.7142,8,0,1,1
4.8,0.2256,0,1,0,1,0.7275,5,1,1,1
7.4,0.0137,0,1,1,2,0.8362,3,1,1,1
4.36,0.4327,0,0,1,2,0.5418,3,1,0,0
3.46,0.2565,0,1,1,2,0.325,4,1,1,1
5.12,0.2405,0,1,1,0,0.5303,3,0,2,1
8.4,0.1203,0,1,1,1,0.3831,3,2,1,1
8.6,0.0196,1,0,1,0,0.3995,3,1,1,1
7.63,0.0014,0,1,1,1,0.9637,1,0,1,0
8.1,0.069,0,1,1,1,0.7057,4,0,0,1
7.64,0.0011,0,1,1,2,0.6942,3,2,1,1
5.09,0.1348,0,0,1,1,0.8182,3,1,0,0
7.45,0.0404,0,1,1,1,0.7044,4,1,3,1
8.26,0.0645,0,0,1,2,1.0,7,1,2,1
8.16,0.0124,0,1,0,0,0.0263,3,0,3,1
9.12,0.1359,0,1,1,1,0.3006,3,1,3,1
8.06,0.2935,1,0,1,2,0.3748,3,1,2,1
7.27,0.2389,0,0,0,1,0.2061,1,0,2,1
8.85,0.4709,0,1,1,2,0.5782,1,0,1,1
6.44,0.176,0,0,0,1,0.59,9,2,1,0
4.56,0.2091,0,0,0,1,1.0,2,1,2,0
6.14,0.0377,0,1,0,3,0.7759,1,1,1,0
4.86,0.0837,0,1,1,3,0.4231,5,0,2,1
5.01,0.3796,0,0,0,1,0.6736,2,0,2,0
6.18,0.0331,0,0,1,2,0.0933,2,0,1,0
4.76,0.0474,0,1,1,1,0.5856,1,0,2,0
5.82,0.0311,1,1,1,1,0.5722,1,0,1,1
2.33,0.0024,0,0,1,2,0.3245,2,2,2,1
6.97,0.0509,0,0,1,1,0.4997,4,3,3,1
6.5,0.0103,1,0,1,2,0.3769,1,0,1,1
4.7,0.0984,1,1,1,2,0.3169,2,0,0,1
7.95,0.0065,0,0,1,2,0.7186,5,0,2,0
8.56,0.0102,0,0,0,0,0.8085,6,1,1,0
2.96,0.1591,0,0,0,2,0.6775,3,2,1,0
4.82,0.542,0,0,0,3,0.4405,2,1,1,0
4.81,0.0019,0,1,1,1,0.3844,4,3,2,0
4.43,0.762,0,0,1,0,0.4483,1,1,2,1
8.32,0.0188,0,0,1,3,0.495,3,0,2,0
6.07,0.1204,0,0,1,1,0.332,3,0,3,1
5.92,0.2818,0,0,1,1,0.8135,1,3,1,0
2.09,0.0041,0,1,1,0,0.4994,2,0,3,0
7.9,0.3182,0,0,1,0,0.7412,3,1,2,0
3.77,0.0243,1,1,1,1,0.2,3,1,2,1
6.63,0.0007,1,0,1,1,0.3779,3,2,2,1
7.11,0.2586,0,0,1,1,0.7648,5,0,1,0
9.49,0.4615,0,0,1,2,0.7684,4,0,1,1
3.62,0.0243,0,1,1,1,0.2494,3,1,3,0
0.0,0.0154,0,0,1,1,0.6258,0,3,1,0
6.9,0.0861,0,1,0,2,0.6323,4,2,1,1
10.0,0.0414,0,0,0,3,0.3729,2,2,0,0
9.23,0.0643,0,0,0,1,0.6392,2,0,2,0
6.96,0.2645,0,0,1,0,0.1549,1,0,2,0
5.42,0.3159,1,1,1,1,0.3183,2,1,1,1
8.28,0.7246,0,0,1,0,0.6997,0,1,0,0
4.36,0.5961,0,1,1,2,0.5574,6,3,1,1
7.55,0.0205,0,1,0,1,0.5704,1,0,2,0
7.61,0.0069,0,0,0,1,0.5062,3,2,0,0
8.83,0.4284,0,0,1,0,0.6842,3,2,0,1
10.0,0.0371,0,0,1,1,0.6963,1,1,0,1
7.36,0.0589,0,0,1,0,0.7479,1,1,3,1
5.38,0.0003,0,0,1,2,0.5814,4,4,0,0
6.44,0.1167,0,1,0,3,0.4529,4,3,3,1
2.61,0.3931,1,1,0,1,0.4107,6,1,1,1
4.97,0.3573,0,1,1,1,0.2858,2,2,1,0
5.6,0.0042,0,1,1,1,0.4493,2,0,1,0
5.35,0.0267,1,0,1,2,0.3984,1,0,1,1
6.84,0.1072,0,0,1,0,0.9504,2,0,1,0
4.69,0.2382,0,0,1,2,0.2883,2,0,2,0
8.97,0.0005,0,0,1,0,0.8093,1,3,1,1
6.5,0.0695,0,0,1,0,0.4831,1,2,3,1
6.48,0.0041,0,0,1,1,0.4984,0,2,1,0
5.78,0.2366,0,1,1,0,0.6503,2,2,2,0
6.84,0.3594,0,1,0,2,0.1954,2,3,2,1
8.32,0.0648,0,0,1,0,0.35,0,2,1,0
4.59,0.1367,0,1,1,2,0.2397,0,5,2,1
5.05,0.2729,1,1,1,1,0.4549,3,1,1,1
5.83,0.0019,0,0,1,1,0.3227,2,2,1,0
3.54,0.1667,0,0,1,0,0.8793,8,3,2,0
4.7,0.6527,0,1,0,0,0.4042,3,2,2,1
5.45,0.0079,0,1,1,2,0.0,4,1,2,0
8.42,0.0029,0,1,1,1,0.4664,1,2,1,1
7.08,0.4343,0,0,1,1,0.7519,5,0,0,0
6.93,0.0035,0,0,0,1,0.9576,5,0,1,0
8.37,0.4259,0,0,1,1,0.4926,4,0,2,0
6.2,0.1024,0,1,1,2,0.4208,5,2,1,1
7.36,0.0229,0,0,1,3,0.5464,1,1,2,1
6.27,0.0948,0,0,0,1,0.6538,2,1,1,0
7.08,0.0066,0,0,1,3,0.2678,2,1,0,1
5.22,0.0085,0,0,0,2,0.4889,1,0,1,0
1.13,0.2417,1,0,1,0,0.5376,2,0,1,0
6.2,0.3467,0,1,0,0,0.5615,0,0,2,1
9.63,0.0024,1,0,1,1,0.5139,1,1,1,0
8.54,0.1297,0,0,1,1,0.3161,5,1,0,0
8.62,0.0015,0,0,1,1,0.6347,3,0,2,0
9.22,0.015,0,0,0,1,0.5389,4,1,1,1
6.7,0.0583,0,0,0,1,0.5382,3,5,1,1
6.93,0.0039,0,0,1,2,0.2794,2,1,1,0
5.14,0.3383,0,1,1,0,0.71,1,1,3,1
5.8,0.132,0,0,1,2,0.313,6,0,1,1
7.85,0.0074,0,0,1,3,0.9541,4,0,0,0
9.15,0.6404,0,0,1,2,0.2552,0,1,1,1
6.19,0.3612,0,0,1,0,0.7406,2,1,1,0
5.51,0.04,1,0,1,0,0.073,4,1,1,0
6.5,0.3524,0,1,0,1,0.0,0,1,1,1
7.82,0.0003,0,1,1,3,0.4113,2,2,2,1
3.32,0.0886,0,1,1,2,0.0,1,1,0,0
1.45,0.0215,1,0,1,1,0.7324,2,0,3,1
5.29,0.1347,0,0,1,0,0.5445,0,0,1,0
3.81,0.1023,0,1,0,2,0.9003,2,1,1,0
5.38,0.0222,0,0,0,2,0.5082,3,4,1,0
6.17,0.0019,0,0,1,3,0.6108,4,0,1,0
5.5,0.0391,1,1,0,2,0.483,3,1,1,1
9.7,0.0114,0,0,1,1,0.3315,1,0,1,0
7.22,0.5508,0,1,0,2,0.4483,2,1,0,1
7.16,0.0643,0,0,0,3,0.249,2,0,2,1
7.87,0.3944,0,0,0,2,0.6469,3,1,2,0
3.99,0.7005,1,1,0,1,0.473,5,2,1,1
8.79,0.0505,1,0,1,2,0.5249,3,1,1,1
6.33,0.0004,0,0,1,2,1.0,1,1,1,0
7.98,0.0432,0,0,0,1,0.4492,2,1,1,0
4.14,0.0424,0,0,0,1,0.6284,3,1,0,1
3.08,0.0189,0,0,1,2,0.5365,5,0,1,0
8.3,0.4676,1,0,1,2,0.8394,2,2,0,1
7.33,0.0395,0,1,1,0,0.6096,2,1,0,0
4.52,0.1252,0,1,0,2,0.4821,2,1,0,1
4.59,0.3589,0,1,1,1,1.0,3,2,2,1
8.98,0.0418,0,1,1,3,0.3351,5,0,0,1
3.88,0.0621,1,0,1,3,0.5015,2,2,1,1
10.0,0.2656,0,0,1,1,0.7791,1,2,1,0
4.52,0.0085,0,0,1,3,0.3455,2,1,1,0
7.9,0.1401,0,1,0,1,0.7414,1,1,0,1
5.78,0.5352,0,0,0,2,0.4301,3,1,3,1
7.83,0.0585,0,0,0,0,0.8008,5,0,1,0
5.3,0.1064,0,1,1,0,0.7943,3,3,3,0
6.14,0.0,0,0,0,2,0.5275,1,2,1,1
6.59,0.1205,0,0,1,2,0.2999,0,1,0,0
4.3,0.149,1,0,1,1,0.4521,0,5,3,0
8.13,0.5242,1,0,0,1,0.5463,4,1,1,1
5.37,0.0879,0,0,1,1,0.7721,1,0,2,1
6.0,0.1581,0,0,1,2,0.6301,3,2,2,1
4.31,0.0256,1,0,0,1,0.6845,1,1,1,1
0.86,0.1389,0,0,0,1,0.6373,3,0,2,1
6.08,0.4577,0,0,1,2,0.7616,0,2,0,0
10.0,0.1194,0,1,0,3,0.4999,3,2,1,1
8.23,0.1186,1,0,1,0,0.5912,2,0,1,1
6.46,0.0714,0,1,0,2,0.5571,3,0,1,1
5.92,0.0078,0,1,1,2,0.4405,5,0,2,1
6.55,0.001,0,0,1,1,0.8029,3,2,2,0
7.7,0.7226,0,0,0,2,0.7977,1,2,1,0
3.9,0.1095,0,0,0,2,0.8514,0,1,0,0
8.95,0.2913,1,1,0,0,0.3591,2,1,0,1
8.07,0.1189,0,0,1,1,0.6377,1,1,2,0
8.08,0.4508,0,0,1,2,0.8231,2,0,3,0
7.46,0.3857,1,0,0,0,0.9257,3,3,2,0
6.54,0.1411,0,0,1,1,0.1728,1,0,0,0
7.98,0.0126,0,0,1,0,0.5493,3,0,0,0
7.8,0.0565,0,1,1,1,0.5027,1,2,2,1
5.72,0.0179,0,0,1,1,0.9477,4,2,2,0
5.24,0.0155,0,0,1,1,0.0,6,1,2,0
6.72,0.4303,1,1,1,0,0.2882,4,1,2,1
9.91,0.0014,0,1,1,1,0.9083,4,0,1,1
3.77,0.206,0,0,0,1,0.4326,3,0,1,1
3.27,0.0058,0,0,0,2,0.2246,2,1,3,1
6.86,0.0532,0,0,1,2,0.928,3,0,2,1
6.61,0.0304,0,0,1,0,0.192,2,1,2,0
6.88,0.0084,1,0,1,3,0.8055,0,0,1,0
7.04,0.0375,0,0,1,2,0.1599,2,0,2,0
6.01,0.0334,0,0,1,2,0.1894,4,1,2,1
9.78,0.2811,0,1,0,1,0.6,3,1,2,1
2.98,0.2844,0,0,0,0,0.3379,5,0,2,1
4.68,0.4227,0,0,0,3,0.6181,2,1,1,0
6.27,0.0063,0,1,1,0,1.0,4,1,3,0
2.88,0.2012,0,1,0,2,0.5112,3,2,1,1
6.11,0.506,0,0,0,1,0.9569,1,1,0,1
10.0,0.0013,1,0,1,3,0.6311,3,2,1,1
6.55,0.297,0,1,0,1,0.789,1,0,3,1
7.01,0.041,0,0,1,1,0.0,3,1,1,0
3.73,0.0543,0,1,1,2,0.7091,0,0,0,0
5.14,0.4621,0,1,0,0,0.6707,7,0,1,1
5.67,0.3433,1,0,0,0,0.46,3,0,0,0
5.8,0.7531,0,1,1,1,1.0,3,1,1,1
9.32,0.1769,0,1,1,0,0.4267,3,1,3,1
7.73,0.2759,0,1,1,0,0.1478,1,2,1,0
4.05,0.195,0,0,1,2,0.7455,3,0,1,0
7.04,0.1246,0,1,1,2,0.1941,1,1,2,1
7.6,0.0578,0,0,0,3,0.5691,3,3,2,1
9.01,0.0044,0,1,1,1,0.885,4,1,3,1
9.98,0.0736,0,0,0,1,0.6746,2,0,2,0
4.27,0.1967,0,0,1,2,0.4882,0,1,0,0
4.72,0.0949,0,0,0,2,0.4622,3,3,3,1
3.73,0.2495,0,0,1,2,0.8663,1,1,2,0
5.99,0.0152,0,0,1,1,0.245,4,1,1,0
7.53,0.4893,0,0,0,3,0.7438,2,4,1,0
8.67,0.032,0,0,0,0,1.0,2,0,3,0
6.33,0.457,0,0,1,0,0.6859,1,2,1,0
5.8,0.0078,0,1,0,2,0.4905,5,2,1,1
6.83,0.1606,0,1,1,1,0.51,3,1,1,0
4.66,0.2632,0,0,1,1,0.4299,1,2,2,1
10.0,0.0997,1,0,1,2,0.3872,4,0,1,1
2.96,0.0006,0,0,1,2,0.5794,4,3,1,0
6.91,0.4851,0,0,1,2,0.7199,0,1,1,0
10.0,0.4435,0,1,0,1,0.9527,0,0,0,1
6.51,0.0,1,1,1,0,0.0609,3,0,1,1
6.08,0.0139,0,0,1,1,0.0,0,0,1,0
5.71,0.0498,0,1,1,2,0.9575,2,1,1,0
6.1,0.0,0,1,1,1,0.5643,4,0,0,0
9.52,0.0695,1,0,1,1,0.5774,1,1,1,1
1.63,0.0023,0,0,1,1,0.6753,3,3,2,0
9.87,0.138,0,0,1,0,0.5033,4,0,3,1
3.37,0.0716,0,0,1,2,1.0,4,0,1,0
5.91,0.0368,0,0,1,0,0.673,1,0,3,0
5.56,0.3953,0,0,1,2,0.4381,1,1,1,1
7.79,0.0804,0,0,0,1,0.4605,4,0,2,1
2.98,0.1041,1,0,1,1,0.5141,2,0,2,0
7.52,0.172,0,0,1,3,0.3557,6,2,3,1
10.0,0.0014,0,0,1,2,0.9724,2,1,1,0
3.5,0.031,0,0,1,2,0.581,2,0,1,0
6.92,0.042,1,0,1,2,0.2574,3,1,1,0
5.04,0.0694,1,0,1,1,0.6513,2,1,1,0
7.44,0.0145,0,1,1,1,0.9098,1,1,2,0
6.54,0.1773,0,1,1,1,0.8152,3,2,2,1
5.09,0.1228,0,0,0,2,0.36,5,1,0,1
7.57,0.0408,0,0,1,1,0.2727,0,0,2,0
10.0,0.009,0,1,1,1,0.9068,0,0,1,0
6.08,0.1284,0,1,1,2,0.1439,3,2,2,1
8.08,0.0579,0,0,1,1,0.6427,4,2,3,1
3.65,0.1197,0,1,1,1,0.4079,0,2,2,0
4.4,0.448,0,0,1,0,0.8784,5,1,2,0
7.54,0.2872,0,0,1,3,0.2863,1,0,0,0
9.77,0.3579,0,1,1,3,0.3509,3,2,1,1
7.28,0.1893,1,0,0,1,0.7043,2,1,1,1
5.81,0.1262,0,1,0,1,0.7489,4,0,3,1
6.5,0.563,1,0,1,1,0.8899,1,0,1,1
3.75,0.0611,0,0,0,1,0.6682,4,3,2,1
7.83,0.0266,0,0,1,1,0.6374,3,3,0,1
8.44,0.0496,0,1,0,0,0.8123,1,1,2,1
5.51,0.0357,0,0,1,3,0.2073,0,0,2,1
5.47,0.0633,0,1,1,0,0.3301,2,0,1,0
7.08,0.2354,0,1,1,2,0.2283,4,1,2,1
5.54,0.0017,1,0,0,1,0.0,2,2,2,0
6.35,0.1483,0,0,1,1,0.7605,2,1,1,0
10.0,0.0206,0,0,0,1,0.9074,6,2,2,0
5.96,0.1537,0,1,1,2,0.689,1,0,1,0
5.71,0.1754,0,1,1,2,0.645,2,1,1,1
5.08,0.0965,0,0,1,1,0.5712,2,1,1,0
8.14,0.2812,0,0,1,1,0.5638,6,1,0,1
6.1,0.0059,0,0,1,2,0.9738,3,1,1,1
5.07,0.1399,0,0,0,2,0.9373,4,0,1,1
9.41,0.1244,0,0,1,2,0.4037,3,1,1,0
9.62,0.3953,0,1,1,1,0.8272,2,2,1,1
5.18,0.2403,0,1,0,2,0.8574,3,1,1,1
2.39,0.1583,0,1,1,1,0.7126,5,1,2,1
8.72,0.1596,1,0,0,1,0.6469,4,3,1,1
4.99,0.0129,0,0,0,1,0.6383,3,4,1,0
8.24,0.0915,0,0,1,0,0.1795,4,2,3,1
2.17,0.0,1,0,1,1,0.1573,2,1,1,1
8.46,0.2421,0,0,1,0,0.7458,2,2,0,0
3.84,0.0388,0,0,1,1,0.2749,1,1,2,0
8.11,0.2951,0,1,0,2,0.2027,3,1,3,1
6.53,0.1231,1,0,0,3,0.0311,3,3,1,1
4.4,0.2829,0,1,1,0,0.4311,1,1,2,1
5.6,0.0004,0,0,1,1,0.6436,2,3,1,0
8.01,0.1102,0,0,0,1,0.6637,2,0,0,0
6.73,0.0071,0,0,1,0,0.7626,2,0,1,0
7.79,0.1628,0,0,1,0,0.4521,4,1,2,0
10.0,0.0194,0,1,0,1,0.5768,2,0,1,1
3.06,0.292,0,0,1,1,0.7615,2,1,1,0
10.0,0.1867,0,1,1,2,0.666,4,0,0,0
6.73,0.7301,0,0,0,3,0.4038,3,2,2,1
4.52,0.0195,0,0,1,2,0.6249,3,0,0,0
3.57,0.3224,0,0,1,1,0.0539,5,0,0,1
6.08,0.0194,0,1,1,2,0.55,5,0,3,0
8.53,0.1107,0,0,1,1,0.3954,3,0,2,0
6.22,0.1413,0,1,1,1,0.9296,2,0,1,0
9.82,0.0592,0,0,0,3,0.3057,4,2,0,1
3.31,0.6203,0,0,1,2,0.5792,4,0,1,0
6.47,0.0004,0,1,1,2,0.4428,4,2,3,1
3.74,0.4095,1,0,0,0,0.4104,2,0,2,1
7.3,0.0003,0,0,0,2,0.6443,1,0,1,0
8.45,0.4906,0,1,1,2,0.4454,3,0,3,1
5.57,0.5234,0,0,1,1,1.0,1,1,2,0
0.77,0.311,0,0,0,1,0.0564,1,1,1,0
6.94,0.0242,0,0,1,0,0.7078,2,5,2,1
7.46,0.0064,0,0,0,0,0.5288,3,1,0,1
7.39,0.225,1,0,0,2,0.5374,1,1,1,1
9.22,0.3039,1,0,1,0,0.6255,1,0,1,1
4.14,0.1396,0,1,1,3,0.7994,3,3,2,1
8.0,0.3248,0,0,1,2,0.6163,7,0,3,1
9.12,0.0064,0,1,1,1,0.8003,1,0,3,1
2.59,0.2497,0,0,0,1,0.5616,7,1,1,0
7.2,0.3056,0,0,1,1,0.2915,2,1,1,1
5.39,0.0442,0,0,0,0,0.5277,1,0,3,0
6.32,0.2342,0,1,1,0,0.8382,3,0,2,0
7.26,0.2167,0,1,1,1,0.4473,2,3,0,1
5.43,0.0005,1,0,0,3,0.2793,4,2,0,1
5.01,0.3678,0,0,0,3,0.7049,7,2,3,1
6.58,0.1016,0,1,1,2,0.6342,4,0,1,0
4.11,0.0195,0,1,1,2,0.3573,2,0,1,0
4.11,0.3246,1,1,0,2,0.4917,0,2,2,1
7.99,0.3809,1,0,1,1,0.5046,2,0,2,1
3.97,0.1034,0,0,1,0,0.5516,3,1,1,0
7.97,0.0581,1,1,1,2,0.7116,1,2,1,1
7.52,0.1371,0,0,1,3,0.4487,1,0,2,0
2.7,0.0384,0,0,1,0,0.7246,1,1,0,0
5.01,0.1675,0,0,1,1,0.4166,6,1,3,0
9.13,0.4164,0,0,0,1,0.9666,3,1,0,0
4.34,0.0819,0,1,1,0,0.972,4,2,0,0
5.48,0.2021,0,1,1,1,0.3359,1,0,2,0
7.52,0.0033,0,0,1,1,0.2436,3,1,1,0
8.22,0.2407,0,0,1,3,0.7946,1,1,1,0
5.95,0.1004,0,1,1,2,0.6145,2,4,2,1
5.19,0.1819,0,0,0,3,0.6879,1,2,1,0
9.63,0.1032,0,0,1,0,0.3863,2,0,1,0
10.0,0.0216,0,0,1,0,0.5169,0,4,2,0
8.65,0.0069,0,0,1,0,0.4638,2,0,2,0
6.69,0.332,1,0,1,3,0.6261,2,1,2,1
4.72,0.1055,0,0,1,0,0.2386,1,1,0,0
4.67,0.132,0,0,1,1,0.5252,4,1,1,0
7.65,0.0427,0,1,1,1,0.2361,3,0,2,0
7.42,0.0005,1,1,1,0,0.4211,1,1,0,1
9.58,0.1152,0,1,1,0,0.5257,3,0,2,1
7.93,0.4426,1,0,1,2,0.6769,0,1,0,1
3.19,0.0135,0,0,1,0,0.6976,1,0,1,0
8.81,0.3206,1,1,0,1,0.7402,2,1,1,1
4.3,0.0067,0,1,1,1,0.1793,2,0,1,0
5.66,0.4572,1,0,1,2,0.866,2,2,1,0
7.05,0.1152,0,0,1,1,0.3888,3,2,2,0
10.0,0.0181,1,0,1,3,0.4071,1,0,0,0
10.0,0.0,0,0,0,1,0.6172,1,2,2,0
7.83,0.0276,0,0,0,0,0.4657,5,4,0,1
6.1,0.1971,0,1,1,1,0.6405,1,1,1,1
7.68,0.0031,0,0,1,1,0.6868,4,2,2,0
8.45,0.5681,0,0,1,2,0.3592,3,2,1,1
5.79,0.0719,0,1,1,3,0.5041,4,2,2,1
10.0,0.1128,0,0,1,2,0.5115,3,0,3,1
7.01,0.1884,1,1,1,1,0.7896,3,0,1,1
7.6,0.0138,0,0,0,1,0.4337,3,0,0,1
7.97,0.0772,0,1,1,3,0.4228,2,2,1,0
7.43,0.0656,1,0,1,1,0.2946,1,0,3,1
8.35,0.0589,0,1,1,2,0.3226,5,0,2,1
5.14,0.1738,0,0,0,3,0.2123,2,2,2,1
5.27,0.0142,1,0,0,1,0.3742,3,2,2,1
4.08,0.0963,0,0,0,1,0.9484,4,0,3,0
7.47,0.1059,0,0,1,2,0.7227,2,0,0,0
8.21,0.1535,1,0,1,0,0.8693,4,0,1,0
7.51,0.2515,1,1,1,1,0.3125,5,0,2,1
10.0,0.007,0,0,1,1,0.0631,0,0,2,1
6.49,0.2173,0,1,1,0,0.6291,3,1,1,0
7.97,0.0404,0,0,1,2,1.0,4,1,2,1
4.1,0.007,0,1,1,1,0.4287,2,0,1,0
5.65,0.1885,0,0,1,2,0.5755,1,1,1,0
8.03,0.1546,0,1,1,2,0.1576,0,1,1,1
8.37,0.6302,0,0,1,1,0.5571,3,0,2,0
5.85,0.6664,0,0,0,2,0.5188,4,6,0,1
6.34,0.0034,0,0,1,1,0.0267,1,2,3,0
3.16,0.048,1,1,1,2,0.2907,5,0,1,1
5.71,0.0451,1,1,1,2,0.2708,3,2,2,1
8.46,0.8253,0,1,1,1,0.1551,2,0,0,0
7.77,0.248,0,0,1,2,0.3688,2,0,1,0
7.6,0.0049,0,0,1,1,0.6772,3,1,0,0
6.61,0.092,0,1,1,2,0.3917,3,1,2,1
6.52,0.002,0,0,0,2,0.8371,2,0,1,0
5.05,0.0078,0,0,0,2,0.4593,4,1,2,1
8.04,0.1184,0,1,1,1,0.6316,2,0,2,1
7.43,0.1703,0,0,0,2,0.6744,2,0,0,0
7.58,0.2388,0,1,1,2,0.9335,1,3,1,1
5.34,0.3504,0,0,0,1,0.371,2,1,1,0
1.76,0.3911,0,1,1,1,0.6606,2,1,0,0
8.91,0.0474,0,1,1,1,0.3133,3,1,2,1
5.45,0.0398,0,1,1,0,0.9805,3,1,0,0
4.6,0.0235,0,0,1,0,0.2901,4,3,1,0
8.03,0.0069,0,0,1,0,0.6459,1,0,1,0
5.64,0.0004,1,1,0,2,0.9399,3,1,1,1
8.83,0.1541,0,0,1,2,0.2509,2,1,1,0
7.86,0.5001,0,1,0,2,0.6988,1,1,1,1
8.0,0.1581,1,0,1,2,0.3018,2,0,0,1
3.49,0.0418,0,0,0,1,1.0,1,2,1,1
9.17,0.0166,0,0,0,1,0.0772,4,0,2,1
7.07,0.0651,0,0,0,3,0.1707,3,1,2,1
5.69,0.1968,0,1,1,2,0.2696,4,1,2,1
6.82,0.0903,0,1,1,0,0.2777,0,0,2,1
2.59,0.4504,0,0,1,1,0.6802,4,0,2,0
7.4,0.5221,1,1,1,0,0.9999,4,1,1,1
4.24,0.0061,0,1,0,1,0.8388,1,0,1,0
3.52,0.2346,1,1,1,1,0.6085,0,0,0,0
3.15,0.0199,1,0,1,2,0.5524,3,1,2,1
8.95,0.1944,1,0,0,2,0.3984,3,2,3,1
5.12,0.1515,0,1,0,1,0.6478,4,0,1,1
9.87,0.2526,0,0,1,1,0.4978,3,2,0,0
5.32,0.037,0,1,1,2,0.5974,4,1,1,1
2.74,0.0501,0,1,1,1,0.3648,4,2,0,0
4.04,0.436,1,1,1,2,0.2495,4,0,1,1
9.22,0.0723,0,1,1,1,0.5564,4,0,0,0
6.16,0.1705,0,1,1,1,0.5508,2,0,3,1
5.29,0.3586,1,0,1,0,0.401,2,0,2,1
6.85,0.3452,0,0,1,2,0.3584,3,1,0,0
7.6,0.0004,0,0,0,0,0.6896,2,1,0,0
8.96,0.0054,0,0,0,1,0.6637,3,2,3,1
9.69,0.0841,0,0,0,1,1.0,2,0,2,0
5.71,0.1203,0,0,1,2,0.8952,4,2,3,0
3.58,0.2638,0,0,0,2,0.2515,3,0,1,1
5.59,0.0415,1,0,1,0,0.5023,2,0,0,0
7.07,0.0,0,1,1,0,0.2088,4,1,2,1
4.38,0.1203,0,1,1,2,0.0902,4,1,3,1
4.39,0.0002,0,1,1,2,1.0,1,3,0,0
7.26,0.0421,0,0,1,2,0.9201,1,3,2,0
6.39,0.3688,0,0,1,2,0.3925,0,1,1,0
6.57,0.283,0,0,1,2,0.8608,3,0,0,0
4.83,0.1574,0,0,1,1,0.8979,5,0,1,0
5.99,0.5259,0,0,1,1,0.0699,5,0,1,1
4.47,0.03,0,0,1,2,0.7627,4,5,0,0
8.46,0.1405,0,0,1,0,0.4271,0,0,1,0
8.78,0.1143,0,1,1,1,0.6458,1,1,2,1
2.44,0.4494,0,1,1,2,1.0,3,0,2,1
4.46,0.2195,0,0,1,1,0.9463,2,1,0,0
3.21,0.0026,1,0,1,2,0.5179,1,0,2,1
5.07,0.0048,0,0,1,1,0.9054,3,1,1,0
6.32,0.0458,0,0,0,0,0.0695,4,1,2,0
3.31,0.1176,1,1,1,0,0.6759,2,1,1,0
4.47,0.0,0,1,1,3,0.6819,1,5,2,1
4.29,0.334,1,0,1,3,0.7264,0,2,0,0
6.96,0.0257,0,0,1,1,0.4229,2,1,1,0
6.65,0.0076,1,0,1,0,0.6455,2,0,0,0
4.91,0.0154,0,0,1,0,0.764,3,1,1,0
6.89,0.1452,0,1,1,1,0.0,0,0,1,1
5.3,0.1921,1,1,0,1,0.471,4,1,0,1
5.9,0.0631,1,0,0,1,0.3242,4,1,1,1
10.0,0.2612,0,0,1,2,0.7155,3,2,0,1
9.45,0.6976,1,1,1,2,0.8945,2,1,0,1
3.64,0.1402,0,0,0,0,0.397,0,0,0,0
8.33,0.0322,0,1,1,2,0.2778,1,1,3,0
8.29,0.0649,0,0,0,1,0.5793,1,1,1,0
3.97,0.2417,0,0,1,0,0.2617,0,0,1,0
8.3,0.279,0,1,0,2,0.4934,2,2,1,0
9.88,0.0308,0,0,0,0,0.467,2,0,1,1
4.03,0.492,0,0,0,0,0.695,3,1,1,1
4.48,0.2843,0,0,1,0,0.6288,4,2,1,0
8.74,0.3485,0,0,1,3,0.5903,6,1,1,1
7.1,0.1104,0,1,1,2,0.9592,2,3,3,1
7.71,0.1109,0,0,0,1,0.6174,1,1,0,0
7.25,0.0444,0,1,1,2,0.4455,2,1,1,1
7.36,0.0003,0,0,0,1,0.4762,3,0,2,0
3.58,0.5635,0,0,0,3,0.3589,1,2,3,1
8.8,0.0915,0,1,1,2,0.2953,3,1,3,1
9.07,0.0295,0,1,1,1,0.2027,2,0,1,1
6.0,0.0079,0,0,1,2,0.8336,1,1,3,0
6.4,0.0157,0,0,1,2,0.3704,8,1,1,0
3.13,0.0509,0,0,0,2,0.629,0,0,2,0
7.63,0.0489,1,1,1,2,0.475,2,3,0,1
7.76,0.0463,0,0,0,0,0.5427,2,1,1,0
6.36,0.1109,0,0,0,1,0.8385,1,1,0,1
8.97,0.0605,0,0,0,0,0.5942,3,0,1,0
5.77,0.0589,0,0,1,1,0.3193,2,0,2,0
7.74,0.0119,0,1,1,1,0.409,3,1,1,1
4.26,0.2597,0,0,0,0,0.765,1,0,1,0
6.45,0.0743,0,0,0,1,0.6708,1,1,1,0
6.12,0.0086,1,0,1,2,0.7806,3,0,1,0
7.0,0.5973,0,0,1,2,0.4904,3,0,0,0
5.69,0.0567,0,0,1,0,0.201,0,3,1,0
6.21,0.3543,0,0,0,0,0.6767,3,1,3,0
8.32,0.002,0,0,1,0,0.6132,1,2,1,0
5.54,0.1083,0,1,1,2,0.6198,5,0,2,0
2.97,0.0685,1,1,1,1,0.2046,2,2,1,1
10.0,0.1514,0,0,0,3,0.3899,2,1,0,1
9.54,0.6456,0,0,1,2,0.3154,1,4,1,1
3.66,0.2428,0,0,0,2,0.6498,1,2,3,0
8.02,0.0097,0,0,1,0,0.6584,2,1,1,0
5.39,0.2184,0,1,0,1,0.5391,5,0,1,1
7.08,0.0891,0,1,1,3,0.7919,1,1,2,1
7.15,0.0556,0,1,0,0,0.9227,3,0,2,1
5.98,0.0735,0,0,1,1,0.6383,4,2,1,0
4.78,0.0092,0,1,1,1,0.7178,1,1,1,0
4.98,0.2807,0,0,1,1,0.4146,1,0,0,0
4.48,0.1391,0,1,1,2,0.3686,6,0,0,1
4.67,0.4419,0,0,0,1,0.8024,5,2,2,1
6.35,0.2591,0,0,0,2,0.3313,1,1,2,0
4.93,0.0189,1,0,1,2,0.7243,1,2,1,1
8.0,0.2309,0,0,1,1,0.9799,0,1,2,0
9.77,0.0865,0,1,0,2,0.7134,10,0,1,1
5.22,0.5507,1,1,1,3,0.5298,6,0,1,1
7.03,0.2929,0,1,0,3,0.2149,1,1,0,1
7.6,0.2845,0,1,1,2,0.5908,1,1,1,1
7.54,0.0073,0,0,0,1,0.8023,1,1,1,0
6.67,0.1087,0,0,0,0,0.5053,1,0,2,0
8.13,0.0016,1,0,1,0,0.8054,0,2,2,1
7.56,0.0279,0,1,1,1,0.6413,2,3,0,0
3.78,0.0016,0,0,0,1,0.6228,2,3,1,0
8.41,0.1678,1,0,1,0,0.4708,4,2,1,1
8.45,0.0717,0,0,1,1,0.186,3,2,1,0
4.82,0.0001,0,1,0,0,0.4437,2,0,1,1
6.58,0.1154,0,1,1,1,0.4417,3,3,1,1
8.0,0.5496,0,0,1,0,0.6939,2,0,0,0
6.04,0.0338,0,1,1,2,0.5462,2,0,1,0
8.86,0.0244,0,0,1,1,0.8208,3,2,1,1
10.0,0.0385,1,0,0,2,0.6203,3,0,3,1
4.77,0.1515,0,1,0,2,0.4239,0,0,2,1
3.46,0.1887,0,0,1,0,0.3463,3,1,2,0
7.17,0.0299,0,0,1,3,0.3992,1,0,1,0
8.09,0.1708,0,1,1,2,0.5902,5,0,1,1
5.99,0.3507,0,1,0,0,0.4568,5,1,2,1
9.7,0.042,1,1,1,1,0.2809,1,1,1,1
3.56,0.2076,0,0,0,2,0.8017,3,1,1,1
8.02,0.1521,0,0,0,1,0.5881,0,1,1,1
5.17,0.726,0,0,1,1,0.6187,4,1,2,0
10.0,0.34,0,1,1,3,0.3443,7,0,1,1
10.0,0.1776,0,0,0,2,0.2896,1,2,2,1
4.81,0.0358,0,0,0,2,0.5094,2,2,1,1
5.29,0.1208,0,0,1,2,0.0429,3,2,1,0
8.39,0.2712,0,1,1,2,0.745,1,1,3,1
5.65,0.175,0,0,1,1,0.374,2,0,1,0
6.4,0.0268,1,0,1,1,0.4831,4,0,1,1
6.56,0.0311,1,0,0,2,0.6567,5,1,1,1
2.28,0.2362,1,0,0,0,0.4938,2,0,0,0
6.47,0.034,0,0,1,0,0.2579,1,1,0,0
4.98,0.6091,1,0,1,0,0.9264,9,0,1,1
5.42,0.0194,0,1,1,0,0.1669,2,0,3,1
9.68,0.0034,0,0,1,0,0.0,3,3,0,0
3.74,0.1092,0,0,1,2,0.7687,3,1,3,0
8.29,0.0001,0,0,0,2,0.1851,2,2,2,1
5.89,0.394,0,1,1,0,0.8632,5,0,2,0
5.88,0.4454,0,0,0,2,0.6442,1,3,2,1
8.24,0.2125,0,1,1,2,0.6208,2,1,1,1
7.25,0.0208,0,1,1,1,0.4077,2,0,0,0
7.76,0.063,0,0,1,1,0.3436,3,0,1,1
8.63,0.0211,0,0,1,1,0.4559,3,0,1,1
5.77,0.4443,1,1,1,2,0.3307,2,0,0,1
5.15,0.0327,0,1,1,1,0.8519,2,0,2,0
4.11,0.158,0,1,1,1,0.3643,3,1,1,1
4.68,0.422,0,1,0,0,0.6766,1,1,2,1
10.0,0.008,0,0,1,3,0.8013,4,1,1,0
9.24,0.455,0,1,0,2,0.3297,3,0,1,1
3.53,0.1553,0,0,0,1,0.6441,3,2,2,1
3.59,0.0884,0,0,1,3,0.3265,1,0,1,0
7.56,0.1338,0,1,1,1,0.5066,3,0,2,0
7.7,0.0009,0,0,0,2,0.4353,3,2,1,1
7.71,0.0,0,0,1,1,0.3761,0,2,2,0
5.94,0.0526,1,0,0,1,0.5894,1,0,1,0
6.22,0.2632,0,0,1,2,0.2465,0,0,2,1
7.22,0.0445,0,1,1,2,0.7823,2,0,0,0
6.69,0.6634,1,0,1,1,0.2796,2,1,3,1
1.62,0.3538,0,1,0,0,0.2332,2,1,2,0
5.99,0.1355,0,0,0,1,0.4869,3,0,2,0
4.63,0.0884,0,0,0,2,0.4569,3,1,1,1
6.89,0.2796,0,0,0,0,0.6389,1,0,2,0
10.0,0.0495,0,0,1,2,0.5712,4,2,2,0
7.31,0.1439,0,0,1,2,0.1432,0,1,1,0
5.81,0.1205,1,1,1,0,0.7966,3,1,1,1
8.53,0.0003,1,0,1,2,0.4807,3,1,1,1
7.56,0.1486,0,0,1,0,0.6104,1,5,1,1
7.42,0.0002,0,0,0,2,1.0,1,2,2,0
7.84,0.3453,1,0,0,2,0.8716,4,1,2,1
10.0,0.0005,0,0,1,1,0.6026,3,4,1,0
4.01,0.1952,0,1,1,1,0.2067,3,0,1,1
7.54,0.0628,0,0,1,3,0.2109,1,4,1,0
4.46,0.003,0,0,1,0,0.8405,2,0,0,0
7.72,0.382,0,0,0,1,0.4495,2,0,1,1
4.48,0.0622,0,0,1,1,0.5079,1,2,0,0
5.58,0.2289,0,0,1,1,0.2636,4,0,2,0
5.85,0.0817,1,1,1,1,0.6615,3,2,1,1
8.65,0.2179,0,1,1,1,0.8354,2,2,3,1
8.52,0.456,0,0,1,1,0.9309,4,2,2,0
3.76,0.001,0,1,1,2,0.438,2,1,1,1
6.62,0.0203,0,0,1,0,0.7112,3,0,2,0
4.94,0.183,0,1,1,0,0.5262,3,1,0,1
3.73,0.0173,0,1,1,1,0.7701,3,0,3,1
6.02,0.0571,0,0,0,1,0.549,6,1,2,1
5.82,0.1547,0,0,1,1,0.344,2,0,0,1
10.0,0.1644,0,0,1,1,0.88,6,1,1,0
7.45,0.0499,1,0,1,1,0.5746,1,1,3,1
3.47,0.3178,0,0,0,1,0.4621,4,2,2,1
5.26,0.0167,0,1,1,2,0.5944,4,0,1,1
8.75,0.2767,0,0,1,3,0.3658,2,1,1,1
10.0,0.4674,0,0,0,1,0.6538,4,2,2,1
3.01,0.0634,0,1,0,2,0.5009,3,1,3,1
2.36,0.2271,0,1,1,1,0.3513,0,1,3,1
10.0,0.211,0,0,1,2,1.0,2,1,3,0
7.36,0.4273,0,1,1,2,0.2982,2,1,1,1
4.59,0.1432,0,1,1,2,0.6383,3,1,2,1
7.68,0.0016,0,0,1,2,0.5642,7,2,1,1
0.7,0.3096,0,0,1,1,0.2936,5,2,2,0
6.51,0.2639,0,1,1,1,0.4657,4,2,1,0
7.22,0.691,0,1,1,0,0.2144,2,0,2,1
8.53,0.2346,0,0,1,2,1.0,1,3,1,1
4.27,0.1414,0,0,1,2,0.483,6,3,2,0
6.69,0.6551,0,1,1,1,0.5043,1,0,0,1
4.46,0.0936,0,1,1,1,1.0,3,3,3,0
7.06,0.2177,0,1,1,2,0.344,2,0,1,1
4.53,0.0122,0,1,1,0,0.8736,2,0,1,0
5.6,0.0028,1,1,1,1,0.6981,5,2,2,1
4.31,0.0,0,1,0,1,0.0553,2,1,2,0
7.93,0.0037,0,1,1,1,0.4572,1,1,3,1
8.39,0.1297,0,1,1,1,0.6592,2,2,1,1
5.98,0.0013,0,0,1,1,0.5589,3,1,1,0
6.58,0.5105,1,1,1,1,0.5596,3,1,3,1
3.31,0.3088,0,0,0,3,0.3982,5,0,3,0
5.84,0.0055,0,0,1,0,0.3718,7,0,1,0
6.39,0.0935,0,0,1,2,0.4729,5,1,1,0
10.0,0.0477,0,0,1,2,1.0,0,0,2,1
4.05,0.0492,0,0,1,3,0.3231,3,0,3,0
9.72,0.0026,0,1,1,2,0.4294,2,3,1,1
8.69,0.0975,0,1,1,2,0.5572,0,0,2,1
7.12,0.0241,1,1,1,2,0.1842,2,0,0,1
10.0,0.3369,1,1,0,1,0.658,4,2,1,1
7.32,0.1914,0,0,0,1,0.228,3,1,0,0
7.36,0.0314,0,0,1,1,0.2782,0,0,1,0
6.38,0.0259,1,0,1,1,0.2662,3,2,1,1
9.19,0.1408,0,0,1,0,0.1399,2,1,1,0
8.91,0.001,0,1,0,1,0.8671,0,2,3,1
5.12,0.3015,1,0,1,1,0.6804,1,2,1,0
3.6,0.0968,0,0,1,2,0.7806,0,1,1,0
6.05,0.2071,1,0,1,3,0.7578,1,1,0,0
4.74,0.1627,0,0,0,1,0.508,0,1,2,0
6.36,0.2167,0,0,0,0,0.5426,4,1,2,1
9.22,0.0616,0,1,1,3,0.8034,1,1,1,1
5.49,0.013,0,0,0,2,0.9596,1,1,0,0
6.41,0.2711,0,0,1,2,0.2355,5,2,1,1
6.63,0.1948,0,0,1,0,1.0,7,0,2,1
8.37,0.3432,0,1,1,2,0.2211,2,2,0,1
1.56,0.5131,0,0,0,2,0.4345,0,0,0,0
5.17,0.0316,0,0,0,0,0.5685,3,0,1,1
6.96,0.1248,0,0,1,0,0.5915,4,0,1,0
9.14,0.0434,0,1,1,1,1.0,2,1,2,0
5.42,0.0022,0,1,1,1,0.803,3,1,1,0
2.37,0.0054,0,0,0,3,0.6532,1,1,3,1
7.86,0.0027,0,1,1,1,0.8089,2,2,1,1
5.1,0.4074,0,0,0,2,0.6364,3,3,0,0
3.88,0.0733,1,0,1,2,0.3811,2,1,0,1
5.13,0.0013,0,0,0,1,0.6714,1,1,1,1
6.09,0.1492,0,0,1,2,0.5669,0,1,2,0
5.17,0.0897,0,1,0,0,0.3393,0,1,1,1
1.65,0.1218,0,1,1,1,0.8657,1,1,0,0
8.47,0.0032,0,0,1,3,0.5364,1,0,1,0
9.3,0.478,0,0,1,0,0.2699,1,0,1,0
7.93,0.6061,0,0,0,1,0.3093,4,2,1,0
4.0,0.7184,1,0,1,2,0.6837,2,1,1,1
6.06,0.0047,1,1,1,2,0.8124,3,1,2,1
6.49,0.3805,0,1,1,2,0.6704,1,1,2,0
7.82,0.171,0,1,1,2,0.6716,3,2,2,1
7.97,0.3181,0,0,1,0,0.3474,5,4,2,1
4.88,0.137,0,1,0,2,0.5732,3,2,1,0
6.68,0.0565,0,0,1,2,0.4675,2,0,1,0
7.51,0.1226,0,1,0,0,0.5013,3,3,2,1
9.7,0.161,0,0,1,1,0.5221,3,0,1,0
8.05,0.1054,0,0,1,1,0.385,4,1,2,1
8.24,0.0834,1,0,1,0,0.7379,5,1,2,1
6.68,0.1807,1,0,1,1,0.2977,2,1,2,1
9.6,0.273,0,1,0,2,0.2253,2,1,1,1
7.4,0.0286,0,1,1,3,0.3537,4,0,2,1
4.61,0.2309,0,1,1,2,0.7708,1,0,1,0
9.59,0.0511,0,0,0,2,0.6348,2,1,1,0
8.04,0.2889,1,0,1,0,0.1042,5,3,2,1
5.53,0.1397,0,1,1,1,0.6993,2,1,1,0
5.45,0.0106,0,1,1,3,0.5379,3,0,1,1
7.15,0.0764,0,0,1,2,0.4457,3,3,1,1
7.52,0.2315,1,1,1,1,0.4895,1,0,1,1
6.93,0.0193,0,1,1,2,0.2166,1,1,2,1
7.18,0.1038,0,1,1,1,0.5933,0,0,2,1
10.0,0.2899,1,0,0,1,0.2331,1,1,2,1
8.86,0.001,0,1,1,2,0.4625,3,3,2,0
6.92,0.038,0,0,1,2,0.4628,1,2,1,0
8.57,0.6955,0,1,0,1,0.7425,3,0,2,1
4.23,0.0387,1,0,1,1,0.5599,3,1,1,0
7.38,0.1844,0,1,0,1,0.7265,5,2,0,0
10.0,0.2628,0,1,0,2,0.2511,0,0,2,1
6.02,0.3096,0,0,1,1,0.523,7,0,1,0
4.64,0.0257,0,1,0,3,0.6826,0,1,1,1
5.07,0.0129,0,0,1,2,0.8606,6,0,1,0
4.1,0.3145,0,0,1,1,0.2652,3,1,1,0
4.77,0.4449,0,0,0,2,0.3398,2,0,2,1
5.68,0.2941,0,0,0,1,0.6763,2,2,2,0
3.41,0.5209,1,1,0,1,0.9529,3,1,0,1
6.53,0.1173,0,0,0,1,0.6215,1,1,2,0
8.49,0.0238,0,1,0,3,0.2725,4,1,2,1
4.5,0.0731,0,0,1,1,0.2774,4,2,1,0
9.84,0.0182,0,1,1,2,0.5837,2,3,2,1
7.62,0.0553,0,0,0,1,0.6394,2,0,1,0
8.77,0.0302,0,0,1,1,0.4947,3,2,2,0
5.05,0.1698,0,1,0,2,0.2802,2,0,3,1
8.38,0.4001,1,0,1,2,0.8254,2,2,0,1
4.1,0.0171,0,1,0,0,0.4628,5,1,2,0
8.46,0.0309,0,0,0,1,0.6817,1,1,0,1
6.88,0.1365,0,0,1,1,0.1067,0,0,2,0
7.72,0.1531,0,1,1,1,0.8503,8,0,2,1
3.91,0.4527,0,1,1,2,0.3788,2,0,0,1
4.53,0.0203,0,0,1,0,0.8862,0,0,0,0
7.81,0.0689,1,1,0,2,0.7032,3,1,3,1
4.41,0.0334,0,0,1,2,0.1928,6,1,3,1
7.52,0.1294,0,0,1,1,0.6114,3,2,3,0
3.49,0.752,1,0,0,1,0.9641,2,0,3,1
8.37,0.1408,0,1,1,0,0.4005,3,0,1,0
3.79,0.3741,0,0,1,1,0.9646,4,2,3,0
7.72,0.6819,0,0,1,2,0.6464,2,0,2,0
7.88,0.0037,1,1,1,1,0.8851,1,1,0,0
4.97,0.0295,0,0,1,2,0.5899,2,1,2,0
7.78,0.0155,0,0,1,1,0.519,4,1,2,1
7.07,0.0155,0,0,1,0,1.0,0,2,0,0
5.31,0.0099,0,0,1,1,0.7304,2,1,2,0
4.28,0.1372,0,0,1,2,0.4912,2,0,1,0
2.18,0.0055,0,0,1,1,0.656,0,1,2,0
7.27,0.0001,0,0,1,2,0.4088,0,0,2,0
3.06,0.0411,0,0,1,0,0.577,1,0,3,0
6.71,0.2603,0,1,1,0,0.8489,1,0,0,0
5.92,0.7837,0,1,1,1,0.5095,3,0,2,1
7.99,0.0638,0,1,0,1,0.3314,5,3,1,1
5.84,0.0254,0,0,1,2,0.3083,1,1,2,0
5.78,0.046,0,0,1,1,0.5684,3,1,2,1
8.11,0.0067,0,1,1,0,0.3481,4,0,1,0
7.24,0.1664,0,1,1,2,0.1918,2,0,0,0
7.2,0.1315,1,0,1,1,0.2504,2,1,2,1
7.53,0.2534,0,0,0,1,0.8438,1,1,1,1
3.12,0.3273,0,1,1,2,0.5144,6,1,1,1
8.16,0.5072,1,0,0,0,0.5644,6,1,3,1
7.85,0.4913,0,0,1,3,0.3083,3,2,2,1
4.26,0.14,0,0,0,1,0.4046,3,1,1,0
5.96,0.0108,0,1,1,1,0.3966,4,1,2,1
6.41,0.063,0,1,1,3,0.4808,3,1,1,1
6.2,0.1156,0,1,1,2,0.1354,1,1,2,1
7.23,0.1466,0,1,1,0,0.8224,5,1,2,1
9.65,0.0071,1,0,1,1,0.5459,1,1,0,1
8.88,0.6881,1,1,1,1,0.6005,1,5,1,1
3.61,0.278,0,0,1,1,0.7786,4,0,0,0
7.87,0.1169,1,0,0,2,0.7594,1,0,3,0
9.42,0.1583,0,1,0,1,0.4062,2,0,1,1
7.35,0.0513,0,0,0,0,0.7011,3,1,1,0
8.9,0.3973,0,0,1,1,0.6985,4,1,1,0
10.0,0.2963,0,1,0,0,0.629,2,0,1,0
8.75,0.0002,0,1,1,1,0.8153,1,0,2,0
7.05,0.4912,0,0,0,1,0.7499,4,2,3,1
8.8,0.6809,0,0,1,2,0.7318,2,1,0,1
6.82,0.3411,0,0,1,1,0.8913,2,0,1,0
6.55,0.0822,1,1,1,0,0.5572,2,2,1,1
5.73,0.1388,0,0,1,3,0.5644,5,0,1,1
9.94,0.1887,0,1,1,2,0.7548,0,1,1,1
4.7,0.3881,1,0,0,1,0.5054,2,3,2,1
9.87,0.0509,0,0,1,3,0.6704,0,1,2,0
7.6,0.7064,0,0,1,2,0.41,1,1,1,1
3.42,0.2115,0,0,0,0,0.0,0,1,1,0
7.31,0.1445,1,1,0,2,0.6995,3,0,1,1
1.88,0.4185,0,1,1,1,0.1628,3,3,2,0
7.88,0.0037,0,0,0,0,0.3752,1,1,2,0
8.45,0.3918,0,0,1,1,0.755,2,1,2,1
5.2,0.1288,0,1,0,1,0.7579,1,1,2,0
6.77,0.6032,0,0,1,1,0.8438,6,2,3,1
10.0,0.3725,0,1,1,2,0.0451,2,3,2,1
5.39,0.6675,0,0,1,0,0.624,3,1,1,0
4.17,0.0011,0,0,1,3,0.4856,2,0,2,0
9.76,0.0022,0,0,1,2,0.7971,1,2,1,0
10.0,0.0382,0,0,1,2,0.9191,4,0,2,0
6.51,0.0403,0,0,1,1,0.2228,3,0,3,0
8.73,0.123,0,1,1,2,0.554,1,3,2,0
9.45,0.1275,0,0,1,1,0.7582,7,2,2,0
4.87,0.02,0,0,1,2,0.4655,0,2,0,0
5.43,0.0642,0,0,1,1,0.9864,1,3,1,0
9.21,0.5055,0,1,0,2,0.4496,1,0,1,1
10.0,0.2561,0,1,0,0,0.4749,1,1,0,1
7.74,0.0041,1,1,1,2,0.2817,2,2,2,1
4.56,0.1108,0,0,0,2,0.5885,1,0,1,0
10.0,0.0028,0,1,1,2,0.0,1,1,2,1
5.33,0.2192,0,1,1,0,0.4881,5,1,2,1
5.76,0.0004,1,0,0,1,0.8672,2,0,1,1
7.25,0.0607,1,0,1,1,0.2008,3,1,2,1
9.92,0.1936,0,1,1,1,0.1454,1,1,2,1
8.38,0.0074,0,0,1,0,0.8291,0,1,1,0
7.41,0.0573,0,0,1,0,0.8629,5,0,2,0
7.52,0.2198,0,0,1,2,0.2111,3,1,2,0
6.6,0.491,0,0,1,0,0.9832,5,0,1,0
7.73,0.3184,0,0,0,3,0.6581,4,1,2,1
0.93,0.0957,1,1,1,1,0.8122,6,0,2,1
5.85,0.442,0,1,1,2,0.352,0,0,1,1
7.03,0.0011,1,0,0,0,0.9223,3,0,2,0
3.97,0.2295,0,0,0,3,0.483,4,1,1,0
7.35,0.5432,0,1,1,0,0.472,1,0,1,0
6.05,0.0157,0,1,0,0,0.6706,2,0,1,1
10.0,0.0716,0,0,1,0,0.452,3,0,2,0
9.96,0.0605,0,1,1,0,0.1698,1,0,1,1
5.48,0.2264,0,1,1,1,0.5829,0,0,1,0
6.17,0.3646,0,0,1,2,0.4704,3,0,0,0
6.34,0.3546,0,0,1,1,0.358,1,0,2,1
5.51,0.3226,0,0,0,2,0.8601,3,3,2,1
6.93,0.0145,0,1,0,2,1.0,1,0,1,1
4.83,0.055,1,0,1,3,0.3202,2,0,1,1
4.01,0.2669,0,0,1,0,0.5994,1,0,2,0
7.87,0.4331,1,0,0,0,0.4504,1,3,1,1
7.88,0.2997,0,1,1,0,1.0,1,1,1,0
4.73,0.5749,0,0,1,1,0.6729,1,1,3,0
8.47,0.4488,0,1,1,1,0.7817,2,1,2,0
5.11,0.0025,0,1,1,1,0.8455,4,2,0,0
7.06,0.0898,0,1,0,1,0.5825,4,0,2,1
8.3,0.3606,0,1,0,2,0.5034,2,0,0,0
6.43,0.0273,0,0,1,1,0.9297,1,0,1,0
7.5,0.0032,0,1,0,1,0.7445,5,0,0,0
5.36,0.1789,0,1,1,0,0.3385,1,1,1,0
6.07,0.5447,0,1,1,1,0.3689,3,2,2,1
6.05,0.0495,0,1,1,2,0.4526,1,2,2,1
4.86,0.2096,0,1,0,2,0.8398,2,0,0,0
6.11,0.0249,1,0,0,3,0.9184,1,2,1,1
3.09,0.0635,0,0,1,2,1.0,3,2,2,0
5.42,0.0022,0,0,1,1,0.3728,0,1,1,0
5.87,0.1752,1,0,1,1,0.5851,1,0,0,1
5.94,0.0091,0,1,1,3,0.4499,5,0,3,1
5.97,0.017,0,0,1,2,0.5044,1,0,2,0
6.36,0.5821,0,0,1,2,0.7825,2,1,1,0
7.55,0.0018,0,1,1,2,0.5385,3,2,1,1
8.42,0.3256,0,1,1,1,0.879,1,0,1,0
5.07,0.0034,0,1,1,2,0.4209,5,2,1,1
3.85,0.206,0,1,0,0,0.7354,5,1,1,0
4.21,0.0753,0,0,0,1,0.4393,0,1,1,0
5.43,0.0787,0,1,1,1,0.0907,2,1,2,1
5.73,0.4496,0,0,0,1,0.2946,2,0,1,1
4.81,0.0005,1,1,0,1,0.581,1,0,2,1
3.65,0.4881,0,0,1,1,1.0,2,0,1,0
5.5,0.059,0,1,1,1,0.4351,4,1,1,1
6.9,0.1036,0,1,1,1,0.5077,4,2,0,0
7.81,0.043,0,0,1,1,0.6724,2,2,2,0
5.27,0.0111,0,1,0,2,0.4001,2,0,3,1
5.59,0.3731,0,1,0,2,0.4291,2,0,1,1
4.46,0.3711,0,1,1,1,0.568,3,1,1,1
6.43,0.0057,0,0,1,2,0.4409,1,2,0,0
4.63,0.0049,0,0,1,1,0.1043,2,2,1,0
7.76,0.0286,0,0,1,0,0.3875,5,0,3,0
2.57,0.0494,0,0,1,1,0.7037,2,0,3,0
5.71,0.1197,0,0,0,0,0.7115,4,0,0,0
7.16,0.3084,0,1,1,2,0.8841,1,2,2,1
6.9,0.3249,0,0,1,1,0.8639,2,0,1,1
10.0,0.0348,1,1,1,0,0.325,3,1,2,1
7.27,0.0032,0,0,0,1,0.3636,5,2,2,0
4.29,0.2885,0,0,0,2,0.3747,1,0,0,0
6.29,0.0992,0,0,1,1,0.512,3,0,1,1
2.59,0.1664,1,1,0,3,0.3942,4,0,0,1
6.32,0.1002,0,1,1,3,0.5064,1,1,1,1
4.67,0.0551,0,0,0,2,0.332,1,2,0,0
8.51,0.2582,0,0,0,2,0.7461,1,1,2,1
5.29,0.5937,1,0,0,1,0.313,3,0,1,1
6.24,0.0096,0,1,1,1,0.3006,2,0,1,0
5.1,0.033,0,1,1,3,0.6801,3,0,1,1
10.0,0.1755,0,1,1,1,0.7306,0,2,3,1
5.79,0.3718,0,0,1,0,0.4937,4,3,1,0
10.0,0.3506,0,0,1,0,0.7672,8,0,2,1
8.29,0.0524,0,0,1,2,0.7492,7,2,2,0
7.56,0.012,0,0,1,1,1.0,2,2,2,0
7.31,0.2856,0,0,1,0,0.7332,2,2,1,0
7.37,0.2044,0,0,1,2,0.9768,4,0,1,0
2.26,0.0283,1,0,1,1,0.5655,1,2,2,0
5.89,0.1482,1,0,1,1,0.8999,4,2,3,0
8.36,0.3222,0,0,1,0,0.9052,0,3,3,0
6.39,0.0078,0,0,1,0,0.5143,1,1,1,0
3.41,0.0296,0,1,1,0,0.3779,4,0,1,0
6.38,0.0171,0,1,1,1,0.4218,4,0,1,0
10.0,0.0378,0,0,0,2,0.6538,2,0,2,0
9.24,0.0742,0,1,1,2,0.2626,1,0,1,1
6.36,0.0453,0,1,1,1,0.4366,4,0,1,0
8.59,0.0003,0,0,1,2,0.8493,2,0,1,1
5.69,0.0001,0,0,1,0,0.7167,1,3,2,0
2.75,0.4421,0,1,1,0,0.0,2,1,1,0
4.47,0.0676,0,1,1,2,0.2168,2,0,2,1
9.94,0.0886,0,0,0,1,1.0,7,1,1,1
5.9,0.2323,0,0,0,2,0.8449,3,1,1,1
5.96,0.154,0,1,1,0,0.4043,0,4,1,1
5.84,0.481,1,0,1,0,0.1779,3,0,2,1
10.0,0.0009,0,1,0,2,0.2376,5,1,1,1
10.0,0.0336,0,0,0,0,0.6773,0,0,2,0
10.0,0.1517,0,1,1,0,1.0,1,1,3,1
6.15,0.2116,0,0,1,1,1.0,3,2,1,0
7.15,0.0415,0,0,1,1,0.1561,3,1,2,1
3.16,0.1192,0,1,0,2,0.4761,2,1,2,1
9.75,0.2085,1,0,1,2,0.3357,2,2,1,1
3.93,0.7562,0,0,0,2,0.5842,2,3,0,1
6.98,0.518,0,1,1,1,0.2172,6,2,3,1
4.09,0.279,0,0,0,1,0.4135,4,1,1,0
5.2,0.3433,0,0,1,2,0.3332,1,1,1,0
4.66,0.0874,0,0,0,0,0.6809,3,0,2,0
5.16,0.5692,0,1,1,1,0.4213,5,1,1,0
5.31,0.2952,0,1,1,2,0.4572,4,3,0,1
5.29,0.973,0,1,0,1,0.6777,1,2,3,0
8.33,0.1111,0,0,0,2,0.9606,2,1,0,0
4.07,0.0201,0,0,1,0,1.0,2,2,0,0
6.99,0.0004,1,0,1,2,0.664,4,1,1,1
9.18,0.1456,0,1,0,0,0.5279,2,2,1,1
5.37,0.1141,0,1,1,2,0.8791,5,1,3,1
4.92,0.007,0,1,1,0,0.8418,4,1,3,1
5.99,0.1864,0,1,0,2,0.7705,4,0,2,1
9.1,0.0037,0,0,0,1,0.1552,3,1,2,0
6.93,0.301,0,0,1,2,0.852,1,0,2,0
5.33,0.4026,0,1,1,2,0.6396,2,0,2,1
7.56,0.0294,0,0,0,0,0.3266,3,2,2,1
4.07,0.0068,0,0,1,1,0.382,4,1,1,1
8.0,0.0094,0,1,0,3,0.6955,3,1,1,1
7.4,0.0888,0,0,1,1,0.0,2,0,1,0
5.82,0.6704,0,0,0,2,0.5186,5,1,0,0
4.66,0.0261,1,0,1,0,0.3862,0,1,3,0
4.55,0.1518,0,1,1,2,0.3608,5,0,2,1
7.68,0.2553,0,0,1,0,0.4357,2,1,1,0
9.2,0.1371,0,1,1,2,0.1801,2,1,1,1
5.1,0.3747,0,0,1,1,0.8131,2,1,3,1
7.51,0.5332,0,1,1,1,0.018,2,1,2,1
1.91,0.0796,0,0,1,0,0.5923,2,0,1,0
5.21,0.0512,0,1,1,2,0.3381,1,2,1,1
6.43,0.3489,1,0,0,1,1.0,3,0,0,1
4.5,0.7425,0,1,1,1,0.5557,5,0,2,1
4.44,0.1062,0,1,0,2,0.0192,3,0,2,0
5.03,0.4056,0,0,1,0,0.6867,3,0,0,0
7.14,0.0014,0,0,1,2,0.2769,1,0,0,0
6.09,0.0664,0,0,0,2,0.7962,2,2,1,1
1.58,0.4873,1,1,0,1,0.7044,5,1,2,1
1.83,0.0024,1,0,1,0,0.9181,1,0,3,0
5.16,0.088,0,0,1,2,0.5968,1,0,2,0
7.51,0.0559,1,1,1,0,0.7548,2,3,2,1
0.46,0.0991,0,1,1,2,0.5607,1,2,2,1
5.4,0.198,0,0,0,1,0.4026,4,2,1,1
5.34,0.0017,0,0,1,0,0.8164,5,1,1,0
9.55,0.1839,0,0,1,0,0.2424,0,1,0,1
5.65,0.3107,0,0,1,3,0.5409,4,1,1,1
7.34,0.0011,0,0,1,2,0.4079,3,0,3,1
6.81,0.5422,0,1,1,1,0.7605,3,1,3,1
1.81,0.2054,0,0,0,3,0.3133,3,2,0,1
8.19,0.0543,1,0,0,0,0.4478,2,1,1,1
6.97,0.3143,0,0,1,2,0.561,3,2,1,1
7.62,0.2526,0,1,1,2,0.9219,2,1,2,1
10.0,0.0332,0,0,1,2,0.4169,5,1,1,1
1.91,0.0911,0,1,1,1,0.4498,2,3,1,1
10.0,0.1016,0,0,1,1,0.2129,1,3,2,1
5.87,0.0857,0,0,0,2,0.3043,3,1,3,1
7.13,0.1304,0,1,1,1,0.6532,0,0,1,0
6.4,0.1954,0,0,0,0,0.558,4,0,1,0
5.57,0.0033,0,1,0,2,0.562,4,1,1,1
5.25,0.2534,0,1,0,2,0.9853,2,0,2,1
7.22,0.0311,0,0,1,1,0.1319,2,3,1,1
3.16,0.0002,1,1,0,1,1.0,2,2,1,1
8.15,0.0704,0,1,1,1,0.8446,1,1,2,1
5.58,0.3559,0,1,1,2,0.4686,1,0,1,0
4.01,0.0271,0,0,0,2,0.6478,3,0,0,0
5.51,0.0371,0,0,1,2,0.3793,4,4,3,1
9.27,0.0587,0,0,1,2,0.6298,1,0,2,0
5.32,0.0622,0,1,1,2,1.0,2,0,2,1
7.29,0.0121,0,0,0,1,0.3884,3,0,0,0
4.89,0.0012,0,0,0,0,0.492,3,0,2,1
8.17,0.0669,0,0,1,2,0.3608,3,3,1,0
8.01,0.0047,0,1,0,0,0.401,2,1,1,1
10.0,0.0479,1,0,0,3,0.4493,7,2,1,1
6.11,0.0235,0,0,1,2,0.2763,2,0,3,0
7.97,0.0517,0,1,0,1,0.4841,2,1,3,1
6.72,0.097,0,0,1,1,0.5636,4,1,2,0
9.35,0.153,0,0,1,1,0.4492,1,0,3,1
4.92,0.0013,0,0,1,2,0.0,3,1,1,0
8.14,0.095,0,0,1,2,0.5114,3,0,0,1
6.07,0.2588,0,0,1,0,0.5382,3,1,1,0
6.36,0.042,0,0,1,2,1.0,1,1,1,0
6.7,0.2371,0,0,1,2,0.5567,5,0,2,1
7.05,0.0417,0,1,0,0,0.7839,0,1,0,0
6.24,0.0012,0,0,1,1,0.4436,0,1,1,0
6.97,0.001,0,0,1,1,0.8745,2,0,2,0
9.97,0.0104,1,0,1,0,0.3139,4,0,0,1
8.67,0.3075,0,0,1,0,0.6762,1,0,1,0
8.41,0.1347,1,1,1,0,0.7601,1,1,0,1
5.5,0.321,0,0,0,3,0.7234,4,3,2,1
4.54,0.1815,0,0,0,0,1.0,2,1,3,0
8.6,0.0308,0,1,0,1,0.4039,2,1,2,1
8.43,0.0575,1,1,0,1,0.9034,3,2,0,1
9.74,0.1614,0,1,1,2,0.8389,6,3,1,1
5.17,0.3758,0,1,1,2,0.5624,1,3,0,0
5.99,0.2145,0,0,1,2,1.0,4,0,0,0
2.89,0.0894,0,1,1,2,0.5134,0,0,2,0
5.64,0.2867,0,1,1,1,0.5556,0,0,1,1
8.69,0.0022,0,0,1,1,0.5486,1,1,0,0
5.47,0.0643,0,1,1,2,0.2317,3,0,1,0
7.91,0.4177,0,0,1,0,0.7404,5,0,1,1
6.08,0.5365,1,1,0,2,0.7013,3,0,1,1
7.21,0.2153,0,0,1,0,0.5238,3,1,1,0
3.98,0.234,0,0,1,2,0.9906,6,1,2,0
6.69,0.0692,1,0,1,1,0.4407,4,1,1,1
0.0,0.0151,0,0,1,1,0.1176,1,0,1,0
6.09,0.2639,0,0,0,1,1.0,1,1,0,0
2.91,0.0815,0,0,0,2,0.8028,1,1,2,0
9.15,0.0001,0,1,0,1,0.7065,1,2,2,0
8.21,0.0038,0,1,1,1,0.4651,1,1,1,0
7.53,0.1265,0,0,1,1,0.6355,5,1,1,0
9.85,0.0086,0,1,0,0,0.2349,2,2,2,1
4.41,0.3372,0,0,0,0,0.4937,4,1,1,0
10.0,0.4023,0,1,1,0,0.3241,6,2,1,0
8.55,0.5637,0,0,1,2,0.6155,0,1,0,1
5.98,0.1264,0,1,1,2,0.7809,1,0,3,1
9.0,0.0489,0,1,0,1,0.2881,1,3,1,1
4.07,0.02,0,0,1,0,0.7312,2,1,1,0
4.69,0.0518,0,0,1,1,0.5999,3,1,2,0
5.16,0.0507,0,1,1,1,0.721,5,0,1,1
5.34,0.4764,0,1,1,2,0.4894,3,0,1,1
4.18,0.4443,0,0,1,1,0.726,5,1,3,0
9.19,0.8029,0,0,1,2,0.376,2,1,1,1
5.93,0.0057,0,1,0,0,0.1294,4,2,3,1
7.28,0.0865,0,1,1,1,0.1865,2,0,2,1
5.25,0.3312,0,0,1,3,0.4243,3,0,3,1
2.49,0.1267,0,1,1,0,0.1469,2,0,1,0
7.09,0.0921,0,0,0,1,0.9376,1,2,0,0
2.29,0.0211,0,1,1,1,0.5293,2,2,1,0
6.35,0.5,1,1,1,1,0.7798,3,1,1,1
3.49,0.3042,0,0,0,1,0.7468,2,1,0,0
10.0,0.0106,0,0,1,2,0.5516,2,1,0,0
8.5,0.078,1,1,1,3,1.0,2,0,1,1
6.73,0.0028,0,0,0,2,1.0,5,3,1,1
9.28,0.018,0,1,1,1,0.898,2,0,3,0
4.64,0.1848,0,1,1,3,0.3237,4,2,2,1
7.7,0.0003,0,0,1,2,0.9082,3,3,1,0
6.94,0.1495,0,1,1,1,0.1129,0,0,2,0
7.08,0.0321,0,0,1,0,0.8992,2,0,1,0
9.3,0.1392,0,1,1,2,0.0,3,2,1,1
8.11,0.0068,0,1,0,2,0.4703,0,0,0,1
7.14,0.0084,0,1,1,0,0.8523,0,1,3,0
2.86,0.0007,0,0,1,1,0.6463,4,0,2,0
4.39,0.3705,0,0,1,3,0.1804,3,0,1,0
6.23,0.3573,0,0,1,1,0.5926,2,1,1,0
6.71,0.3207,0,0,1,1,0.6464,2,0,2,0
4.01,0.2347,0,0,0,3,0.6012,5,1,1,0
10.0,0.2626,0,1,1,0,0.4482,2,3,1,1
9.84,0.1106,0,0,1,3,0.7638,2,1,0,0
7.82,0.0942,0,0,1,2,0.8362,3,1,0,0
6.66,0.033,0,0,1,1,0.5115,1,0,1,0
6.03,0.1403,0,0,0,0,0.9299,3,2,1,0
4.41,0.1699,0,1,1,0,0.5109,2,1,2,0
6.67,0.0589,0,0,1,1,0.4275,2,1,3,1
7.07,0.0434,0,0,1,2,0.8892,2,0,2,0
3.77,0.1635,0,0,0,1,0.8801,4,2,1,0
7.24,0.0169,0,0,1,2,0.395,3,2,1,0
6.16,0.0681,0,0,1,2,0.3587,3,0,1,0
2.3,0.1417,1,1,1,1,0.9911,0,1,0,1
4.61,0.0024,0,1,1,3,0.5243,4,0,3,1
5.59,0.1196,0,0,1,2,0.5508,1,0,3,0
10.0,0.1253,0,0,0,3,0.4869,3,3,3,1
7.72,0.003,0,1,1,1,0.8804,3,0,2,0
3.56,0.0031,0,0,1,2,1.0,2,0,1,0
7.57,0.0667,0,0,1,1,0.5675,1,1,2,0
3.1,0.0541,0,0,0,3,1.0,1,2,1,0
8.88,0.0091,0,1,1,1,0.4114,3,1,2,1
5.46,0.0019,0,1,1,1,0.4793,0,0,0,0
6.29,0.0449,1,0,0,1,0.7183,4,1,2,0
9.42,0.0195,0,0,0,1,0.3458,7,0,2,1
3.67,0.2609,0,1,1,1,0.7151,1,0,1,1
3.43,0.0445,0,1,1,1,0.4204,4,0,1,1
5.22,0.0026,0,1,1,2,0.164,2,2,2,1
8.78,0.0387,0,1,1,0,0.1144,4,1,3,1
3.16,0.0179,0,1,1,1,0.4691,2,3,2,1
0.27,0.0005,1,0,1,2,0.6544,6,1,3,1
5.51,0.1762,0,0,0,1,0.2097,1,1,3,1
7.71,0.3165,0,0,0,3,0.5946,3,0,3,1
9.14,0.0152,0,0,1,1,0.5954,5,2,1,0
5.48,0.5154,0,1,1,1,0.5081,4,1,1,1
5.59,0.0008,0,1,1,0,0.3184,2,2,2,1
9.04,0.398,0,1,1,3,0.6101,2,1,1,1
2.39,0.1958,0,1,1,2,0.5144,2,0,1,1
5.65,0.1526,0,0,0,2,0.7954,2,0,1,0
6.92,0.0466,0,1,1,0,0.2268,3,0,2,0
7.49,0.0092,0,0,1,3,0.5785,3,1,1,0
5.38,0.1955,0,1,1,3,0.232,2,1,2,1
6.58,0.3984,0,0,1,1,0.4907,3,2,3,1
1.03,0.0588,1,0,1,2,0.2762,5,1,1,1
5.05,0.1327,0,0,1,3,0.3207,2,0,1,0
7.5,0.7387,0,0,1,1,0.549,3,1,2,1
4.34,0.2433,0,0,1,0,0.4086,4,0,1,0
6.63,0.0057,0,0,1,2,0.9167,2,1,0,1
7.48,0.046,1,0,1,1,0.8448,3,0,2,1
5.75,0.0426,0,1,0,3,0.7512,1,1,1,0
6.88,0.31,0,1,1,1,0.7462,1,2,1,0
4.38,0.0263,0,1,1,0,0.5826,2,0,3,0
6.05,0.2681,1,1,0,1,0.8762,2,2,1,1
7.84,0.3575,1,0,1,2,0.4765,1,0,3,1
6.85,0.0377,1,1,1,0,1.0,2,1,0,0
5.21,0.0011,0,0,1,1,0.3145,4,2,1,1
6.99,0.3258,0,0,1,0,0.2678,4,0,2,0
8.07,0.4351,0,1,0,2,0.2013,1,0,0,1
1.99,0.0225,0,0,1,3,0.2448,2,2,1,0
9.05,0.0592,0,0,0,2,0.1427,1,0,2,0
5.76,0.0216,0,1,1,2,0.6035,0,1,2,0
7.44,0.203,0,1,1,1,0.7635,4,1,1,1
9.13,0.3491,0,1,1,1,0.5585,3,0,1,1
3.48,0.0003,1,0,1,1,0.2037,4,0,1,0
4.94,0.5598,0,1,1,2,0.4326,2,0,2,1
5.87,0.1354,0,1,1,2,0.7604,6,2,1,1
4.78,0.0155,0,1,0,2,0.4645,1,0,1,0
10.0,0.0317,0,1,0,3,0.3504,3,1,0,1
4.62,0.0364,0,0,0,2,0.1716,2,0,1,1
5.28,0.1052,0,0,1,0,0.4443,3,3,1,0
6.95,0.0425,0,1,1,1,0.3744,2,1,1,0
3.86,0.2875,1,1,1,3,0.5284,3,0,1,1
5.63,0.1043,1,0,1,3,0.6691,2,2,2,1
7.2,0.0961,0,1,1,1,0.4794,3,1,1,1
5.77,0.0347,1,0,1,2,0.5962,8,3,2,1
6.29,0.104,0,0,1,1,0.668,1,1,1,0
5.34,0.2237,1,0,0,0,0.2425,1,2,2,0
3.17,0.0668,1,0,1,2,1.0,6,1,1,0
7.21,0.1458,0,0,0,3,0.3646,5,1,3,1
10.0,0.188,0,1,1,1,0.6791,4,0,1,0
6.54,0.3402,0,0,1,0,0.266,0,0,1,0
7.0,0.221,1,0,1,2,0.5775,1,3,2,1
8.02,0.602,0,1,1,1,0.5867,4,0,1,1
3.71,0.0,0,0,1,0,0.9648,3,0,2,0
10.0,0.0398,0,1,1,0,0.4918,8,2,0,1
6.95,0.1728,0,1,1,0,0.8749,1,1,1,0
10.0,0.0094,0,0,0,2,0.6226,0,0,1,0
4.89,0.3838,0,1,1,1,1.0,1,2,1,0
10.0,0.0514,0,1,1,0,0.105,1,3,1,1
8.21,0.0869,0,1,1,3,0.6705,0,0,1,1
7.72,0.138,0,0,0,3,0.0,5,3,2,1
7.01,0.0018,0,0,0,0,0.5355,4,2,0,1
5.95,0.0692,0,0,1,1,0.8052,3,0,2,0
9.14,0.0064,0,1,0,1,0.9114,3,1,1,1
6.81,0.0312,0,1,1,0,0.7347,2,1,2,1
2.17,0.023,0,1,1,0,0.4774,4,0,0,0
4.04,0.4558,0,0,1,1,0.6863,2,2,0,1
6.09,0.1598,0,0,0,3,1.0,1,1,1,1
7.18,0.0028,0,0,1,3,0.5688,3,1,2,0
6.38,0.0391,0,0,1,2,0.7903,1,2,1,0
9.18,0.0007,1,1,1,2,0.4427,2,0,1,1
2.21,0.0237,1,0,1,2,0.8176,4,2,2,1
6.82,0.0468,0,0,1,1,0.7765,2,0,1,0
2.5,0.2418,0,1,1,1,0.3974,1,1,1,1
8.17,0.0297,0,0,1,2,0.7443,6,1,2,0
6.29,0.0103,0,1,0,2,0.7562,2,2,0,1
7.42,0.4423,0,0,0,0,0.735,3,1,1,0
4.6,0.0642,0,1,1,1,0.5397,3,1,1,1
9.31,0.0035,0,0,0,3,0.8573,3,0,3,0
8.79,0.0002,0,0,1,1,0.3163,2,2,1,1
7.78,0.4211,1,1,1,1,0.5524,1,0,1,1
6.22,0.0334,0,1,1,1,0.5779,3,1,3,1
7.78,0.0314,0,0,1,1,0.8428,5,0,1,0
4.94,0.12,1,1,1,0,0.3084,5,2,0,1
8.38,0.0995,0,1,0,1,0.6103,2,0,1,1
10.0,0.1095,1,0,1,2,0.4269,0,1,1,1
8.86,0.1212,0,1,0,1,0.5774,1,1,0,1
4.89,0.0231,0,0,1,2,0.6481,3,1,2,0
7.3,0.1976,0,0,0,0,0.2304,0,1,1,0
3.66,0.2966,0,0,1,0,0.866,2,1,2,1
7.76,0.1089,0,0,0,2,0.657,2,0,1,1
7.49,0.9586,0,0,1,2,0.3354,3,0,1,1
2.39,0.38,0,0,1,2,0.4647,2,2,3,0
3.94,0.0181,0,0,0,0,0.9235,2,1,1,0
5.88,0.0494,0,1,1,1,0.654,2,1,0,1
5.84,0.0041,0,1,1,2,0.3088,3,1,3,1
3.84,0.045,0,0,1,0,0.3541,3,0,0,0
7.36,0.2043,1,0,1,2,0.7062,2,3,2,1
7.05,0.4164,0,1,1,1,0.7362,5,1,2,1
6.07,0.0375,1,0,0,2,0.6407,3,0,1,1
4.84,0.619,0,0,0,2,0.4771,2,0,2,1
8.81,0.0189,0,0,1,1,0.7524,1,0,0,0
10.0,0.0008,0,1,1,1,0.472,2,1,2,1
5.44,0.0093,0,0,1,2,0.3363,3,1,2,0
5.15,0.0145,0,0,1,2,0.9467,2,2,0,0
7.58,0.1633,0,1,1,0,0.6722,5,1,1,0
5.71,0.6309,0,0,1,1,0.3538,3,1,3,1
6.19,0.038,0,0,0,1,0.5836,1,0,3,0
8.13,0.5233,0,1,0,1,0.5568,2,0,3,1
2.3,0.0009,0,0,1,0,0.4625,4,0,2,0
9.4,0.0855,0,1,0,3,0.6084,2,0,0,1
6.66,0.1769,0,0,1,1,0.3179,4,0,1,0
5.59,0.0953,0,0,1,3,0.7684,3,1,2,0
6.3,0.0855,0,0,1,2,0.5485,3,1,1,0
6.42,0.2906,0,1,0,0,0.1476,3,1,2,1
2.69,0.7081,0,0,1,0,0.493,1,3,2,1
9.79,0.3421,1,0,1,2,0.396,2,2,2,1
6.59,0.2041,0,1,1,1,0.0,3,1,1,1
7.47,0.3741,0,1,1,0,0.511,0,0,2,0
8.59,0.263,0,0,0,3,0.8092,3,1,0,1
4.25,0.9456,0,0,1,1,0.523,6,1,1,1
7.54,0.2972,1,0,1,1,0.727,5,0,2,1
5.91,0.0255,0,0,1,1,0.5521,4,1,2,1
8.36,0.4254,0,1,0,2,0.4359,3,0,1,1
1.82,0.0717,1,1,1,0,0.3671,4,1,3,1
6.28,0.6143,1,0,1,1,0.2293,0,0,1,1
5.17,0.1149,0,0,1,1,0.7814,4,1,2,0
7.45,0.0017,0,1,0,2,0.7327,6,0,2,1
7.53,0.1092,0,1,1,2,0.4804,3,1,1,0
4.94,0.0039,0,0,0,1,0.0439,1,3,1,1
4.93,0.481,0,0,1,2,0.668,1,1,1,1
6.26,0.8863,0,0,1,1,0.3238,6,0,1,0
4.53,0.0231,0,1,1,1,0.586,1,1,1,1
8.35,0.2283,0,0,0,3,0.1647,4,1,1,1
5.69,0.0047,1,1,1,1,0.573,1,3,1,1
0.1,0.1761,0,0,1,3,0.5172,2,2,2,1
5.68,0.1191,1,1,1,2,0.0,2,0,1,1
4.22,0.034,0,0,1,0,0.9545,3,1,2,0
2.91,0.2726,0,0,1,2,0.4686,1,1,2,0
3.78,0.0618,0,0,1,0,0.4852,0,0,2,0
6.74,0.2604,0,0,1,1,0.6837,2,3,1,0
9.42,0.0015,0,0,1,2,0.5373,2,2,1,0
7.19,0.1487,0,1,0,2,0.641,5,0,2,0
5.17,0.1239,0,0,0,1,0.2639,2,1,1,0
7.5,0.0366,0,0,1,2,0.5145,4,1,1,1
5.49,0.5018,0,0,0,3,0.0727,3,1,3,1
4.97,0.0153,0,0,1,0,0.4906,3,2,3,0
3.96,0.0009,0,0,1,2,0.9113,4,1,0,0
2.65,0.0601,1,0,0,1,0.1735,3,2,2,0
5.64,0.0247,1,0,0,0,0.4623,2,4,1,1
6.85,0.0039,0,0,0,3,0.019,0,0,1,0
6.29,0.2851,0,0,0,1,0.552,2,1,1,1
5.58,0.0162,0,0,1,2,0.6665,1,0,1,0
4.42,0.0434,0,0,1,1,0.6459,3,1,1,0
7.84,0.0003,0,1,1,1,0.3995,4,0,1,1
3.6,0.3375,1,0,0,2,0.014,1,0,2,1
8.21,0.3358,0,0,1,0,0.2396,3,1,1,1
4.3,0.3106,0,1,0,1,0.8641,0,0,1,0
4.84,0.0348,0,0,1,3,0.7697,2,1,2,0
3.27,0.2868,0,0,0,3,0.5272,1,0,3,1
5.4,0.0029,0,0,1,1,0.5906,5,0,2,0
8.65,0.0546,0,1,0,0,0.2931,3,0,1,1
7.63,0.0126,0,1,1,1,0.8727,1,0,2,1
8.65,0.0352,0,1,0,2,0.3702,2,3,1,0
7.65,0.0383,0,1,0,0,0.6593,3,2,2,1
4.07,0.3009,0,1,1,0,0.218,3,0,0,1
5.77,0.2149,0,1,1,2,0.5054,3,1,2,1
4.78,0.48,0,0,1,1,0.8621,2,1,2,0
9.43,0.0086,0,0,1,0,0.3133,0,1,0,0
3.87,0.5686,0,1,1,0,0.7373,0,1,2,0
8.47,0.4499,0,1,1,2,0.2798,3,1,0,1
8.46,0.0465,0,0,1,1,0.3245,1,1,1,0
10.0,0.1013,0,0,1,0,0.5478,0,0,2,0
5.6,0.2112,0,1,0,2,0.7929,2,1,0,1
8.07,0.0663,0,0,1,2,0.4755,1,2,2,1
10.0,0.0788,0,0,1,0,0.7046,2,1,1,0
5.14,0.4593,0,1,1,1,0.836,3,0,1,0
3.12,0.3402,0,0,1,1,0.3572,3,1,2,0
2.36,0.0002,0,0,1,1,0.1687,5,1,0,1
8.07,0.8008,0,1,1,1,0.4611,2,1,1,1
2.36,0.2594,0,0,0,1,0.8683,5,1,3,0
5.68,0.0419,0,1,0,2,0.3468,5,0,2,1
7.46,0.0009,0,1,0,1,0.8037,2,0,2,0
6.91,0.0826,0,1,1,1,0.4844,2,4,1,1
7.44,0.0452,0,1,0,0,0.9891,4,2,2,0
6.99,0.0407,0,0,1,3,1.0,6,3,2,1
9.31,0.5602,0,0,0,0,0.8079,5,1,3,0
4.4,0.0986,0,1,0,2,0.1383,2,0,1,1
5.01,0.0255,0,0,0,0,0.0,4,1,2,0
4.8,0.6572,0,0,0,2,0.5653,2,2,1,1
8.33,0.1939,0,1,1,0,0.7767,1,4,0,0
8.48,0.3013,0,1,1,1,0.6753,2,0,1,1
7.49,0.0362,1,1,1,2,0.3691,1,0,2,1
9.1,0.5901,0,1,1,1,0.1785,2,3,1,1
3.91,0.466,1,1,1,1,0.7824,1,0,0,1
10.0,0.1005,0,1,1,0,1.0,3,1,1,0
9.85,0.009,0,0,1,1,0.3825,2,1,1,0
8.12,0.0289,0,0,1,2,0.7563,0,2,1,0
10.0,0.402,0,1,0,0,1.0,3,1,3,1
2.86,0.1833,0,0,1,0,0.5026,1,2,2,0
5.35,0.0655,0,1,0,1,0.5076,1,4,1,1
4.88,0.102,0,1,1,0,0.6899,2,0,1,0
8.09,0.002,1,1,1,0,0.4789,4,0,3,1
4.19,0.0017,0,1,1,1,0.8848,2,0,2,0
8.17,0.0399,0,1,1,0,0.449,1,1,2,0
9.52,0.0,0,0,0,2,0.5422,5,2,1,1
8.03,0.1961,0,0,1,0,0.1894,6,1,2,0
7.12,0.0917,0,0,1,2,0.4911,3,1,2,0
4.33,0.2543,0,0,0,2,0.2981,3,0,1,0
4.64,0.1487,0,0,1,0,0.6365,2,3,2,0
9.25,0.1145,0,1,1,0,0.1339,5,0,0,1
8.21,0.2507,0,0,0,0,0.795,1,1,3,1
6.41,0.368,0,0,0,1,0.3322,2,1,3,1
5.58,0.1189,0,0,1,2,0.996,1,1,1,0
2.04,0.0619,0,0,1,2,0.8927,2,1,3,0
4.14,0.0031,1,0,0,1,0.6839,1,0,2,0
10.0,0.036,0,0,1,0,0.1655,1,0,3,0
3.68,0.3659,0,1,1,2,0.393,4,2,3,1
6.92,0.0089,0,0,1,1,0.3259,1,1,1,0
8.72,0.0047,0,0,1,3,0.3572,0,1,1,1
3.74,0.4836,0,0,0,1,0.9442,2,2,1,0
6.91,0.051,0,1,1,1,0.5118,1,1,0,1
8.56,0.5118,0,1,0,2,0.3855,2,0,1,1
6.53,0.1307,0,1,1,1,0.363,1,1,1,0
10.0,0.1974,0,1,1,2,0.417,1,5,1,1
2.83,0.0002,0,0,1,1,0.6832,2,1,1,0
8.83,0.002,0,0,1,2,0.1432,5,0,0,1
6.12,0.0421,0,0,1,3,0.5745,4,1,1,1
8.2,0.0039,0,1,0,1,0.6559,6,0,1,1
7.47,0.3019,0,0,1,1,0.1162,5,1,2,1
4.89,0.309,0,1,0,2,0.1956,2,0,3,1
7.0,0.0107,0,0,1,3,0.5381,2,0,1,0
2.41,0.3167,0,0,1,2,0.9102,5,0,2,0
7.83,0.0528,0,0,1,3,0.8507,4,1,2,1
7.16,0.0282,0,1,1,1,0.3979,3,0,1,1
7.91,0.0145,0,0,0,3,0.9023,4,0,2,1
8.83,0.009,1,1,0,0,0.4701,1,0,3,1
7.31,0.1304,0,0,1,1,0.4679,2,0,1,0
6.83,0.571,0,0,1,1,0.5735,2,4,0,0
4.56,0.0035,0,0,0,2,0.7599,3,0,2,0
4.93,0.0119,0,0,0,1,0.3978,2,2,1,0
9.11,0.1806,0,0,0,3,0.4505,3,3,1,1
9.66,0.3039,0,0,1,3,0.238,2,0,3,1
5.98,0.0602,0,0,1,2,0.6378,2,1,2,0
6.6,0.0128,1,1,1,0,0.7833,4,0,1,1
4.51,0.0732,0,0,1,0,0.7987,0,0,2,0
9.08,0.0448,0,0,1,1,0.2084,4,2,2,1
7.96,0.0782,0,1,0,2,0.4543,2,0,1,1
10.0,0.2307,0,1,1,0,0.8614,1,2,0,1
4.57,0.3935,1,0,1,2,0.608,3,1,2,1
5.67,0.1406,1,1,0,1,0.5585,3,2,0,1
7.01,0.0409,0,1,1,2,0.5526,0,1,1,0
7.92,0.0216,0,0,1,1,0.6854,4,0,1,0
6.03,0.1293,0,0,1,2,0.6215,1,1,3,0
4.58,0.0235,0,0,1,0,0.4062,3,0,0,0
8.44,0.1008,0,0,1,1,0.7703,3,1,0,0
8.09,0.2439,0,1,1,3,0.2493,0,1,2,1
4.48,0.0355,0,0,1,1,0.8805,3,0,1,0
9.48,0.1052,0,0,1,3,0.326,4,0,0,1
9.07,0.0449,0,1,0,0,0.687,3,1,1,0
6.8,0.2121,0,1,1,1,0.5088,2,0,1,0
6.68,0.2524,0,0,0,1,0.4309,0,0,1,0
7.72,0.3556,0,1,1,3,0.8894,4,2,1,1
4.6,0.0399,0,1,1,3,0.7357,5,0,2,1
6.57,0.1624,0,1,0,1,0.5353,3,1,1,1
1.76,0.0119,0,0,1,1,0.9863,2,2,2,0
8.43,0.1139,1,0,1,2,0.7949,4,1,2,1
3.06,0.0914,0,0,1,2,0.3486,3,3,2,0
9.81,0.0086,0,0,1,2,0.0,0,0,1,0
5.77,0.1701,0,0,1,2,0.5767,3,0,1,1
6.03,0.0998,0,1,1,0,0.8959,1,1,2,0
5.12,0.4009,0,0,0,2,0.7027,6,3,0,1
5.87,0.0333,1,0,0,2,0.9435,3,1,2,1
9.62,0.0001,1,1,0,0,0.4004,3,2,0,1
1.03,0.0402,0,0,0,2,0.5207,2,2,1,0
9.31,0.0244,1,1,0,3,0.5268,0,1,2,1
7.24,0.1134,0,1,1,2,0.6103,2,1,2,0
3.84,0.2148,0,1,1,1,0.7419,4,3,2,1
4.13,0.4596,0,0,1,1,0.9581,2,3,1,1
10.0,0.5936,0,1,1,1,1.0,1,0,2,0
4.42,0.0039,1,1,1,0,0.9666,2,1,0,1
3.96,0.3526,0,1,1,3,0.7173,4,2,3,1
9.0,0.3987,1,1,1,0,0.4644,3,0,1,1
7.24,0.2185,0,0,1,2,0.6065,1,2,2,1
4.44,0.0674,0,0,1,1,0.7138,2,1,3,0
6.98,0.0002,0,1,0,1,0.5838,2,2,1,0
4.24,0.1001,0,1,1,0,0.3216,2,0,0,0
8.92,0.0006,0,1,1,1,0.4344,4,1,2,1
8.84,0.2511,0,0,1,1,0.767,4,2,2,1
7.67,0.1389,0,0,1,2,0.4884,4,0,1,0
7.3,0.4564,0,0,1,2,0.556,1,2,2,1
10.0,0.0533,0,1,1,0,0.5304,0,0,2,1
6.5,0.0,0,1,1,0,0.327,5,0,1,1
3.9,0.6367,0,0,1,2,0.5072,3,2,3,0
7.49,0.1768,0,1,1,2,0.4355,2,0,1,1
10.0,0.1855,0,0,1,1,0.377,2,2,1,1
4.27,0.4332,0,0,0,1,0.2854,2,2,0,0
5.7,0.0316,0,0,1,0,0.5248,3,0,3,0
7.42,0.3383,1,1,0,0,0.7045,3,2,0,1
6.38,0.0968,1,1,1,0,0.8301,2,3,1,1
4.34,0.3097,0,0,1,1,0.2015,1,1,2,1
8.97,0.2573,0,0,1,3,0.9516,6,2,0,1
10.0,0.1408,0,1,1,0,0.6232,2,0,1,1
6.93,0.399,1,0,1,2,0.2682,1,1,1,1
4.51,0.0627,0,1,1,1,0.4491,2,0,0,0
3.09,0.4072,0,1,1,3,0.0807,1,3,2,1
7.07,0.1746,1,0,1,2,0.1446,4,1,2,1
8.93,0.126,1,0,1,2,0.9804,0,1,2,1
7.55,0.1393,0,0,1,2,0.3752,1,1,2,1
6.49,0.4614,0,0,1,2,0.6842,2,2,1,1
5.2,0.0004,0,1,1,1,0.5222,5,0,1,0
4.1,0.1996,0,0,1,1,0.5545,0,1,1,0
8.34,0.1155,0,1,1,3,0.642,2,1,0,1
8.51,0.4166,0,0,1,2,0.029,1,0,2,1
3.1,0.3157,0,1,1,0,0.8796,3,0,2,0
10.0,0.0315,1,0,0,2,0.5253,2,0,0,1
7.76,0.3382,0,1,0,1,0.4239,3,3,1,1
9.58,0.0001,0,1,1,1,0.667,4,0,2,0
3.55,0.008,0,0,1,2,0.3697,3,1,3,0
3.5,0.085,0,0,1,1,0.6021,4,0,2,0
6.17,0.0033,1,1,1,1,0.5087,2,1,1,1
7.61,0.0,0,0,1,1,0.7278,3,0,2,0
10.0,0.1119,0,0,1,3,0.4965,2,0,2,1
8.05,0.0212,0,1,1,3,0.2925,1,3,2,0
5.97,0.1817,0,0,1,0,0.6406,2,1,2,0
4.24,0.2956,0,0,1,1,0.4823,3,2,1,0
9.21,0.2507,0,1,1,0,0.0948,1,0,2,0
4.38,0.0106,0,1,0,2,0.5994,3,2,1,1
10.0,0.0438,0,0,0,2,0.4156,4,1,1,1
5.87,0.123,0,0,1,1,0.6364,4,2,2,1
10.0,0.1103,1,1,1,2,0.3362,3,2,1,1
7.99,0.2811,0,0,1,2,0.2484,2,0,1,1
6.2,0.7697,0,1,1,1,0.845,4,0,1,0
5.36,0.6527,0,0,0,1,0.7608,2,1,3,0
5.75,0.7184,1,1,1,1,0.5484,7,0,2,1
7.44,0.0016,1,0,1,1,0.6594,0,0,1,0
6.67,0.1758,0,1,1,1,0.7526,0,1,1,0
5.19,0.1266,0,0,0,0,0.5475,2,1,2,0
6.14,0.0005,0,0,1,0,0.2479,3,0,2,0
6.67,0.0187,0,0,1,0,0.6249,1,1,2,0
1.82,0.0439,0,0,1,2,0.8006,3,0,0,0
7.51,0.916,0,0,1,3,0.6983,4,3,2,1
4.34,0.276,0,1,0,2,0.5648,0,2,1,1
3.96,0.0904,0,1,1,2,0.6913,1,2,2,0
2.79,0.0125,0,0,1,2,0.4942,4,0,1,0
2.55,0.5233,0,0,1,1,0.811,3,1,2,0
3.52,0.3732,0,1,1,1,0.8868,2,1,2,1
4.94,0.0971,0,0,1,1,0.226,1,2,2,0
10.0,0.1585,0,0,1,0,0.829,3,1,3,0
5.34,0.6302,0,0,1,2,1.0,1,2,3,0
6.89,0.0422,1,0,1,0,0.6814,1,0,0,0
7.38,0.0488,0,0,1,2,0.7959,3,0,1,0
6.79,0.1269,0,1,1,0,0.3882,2,1,1,0
6.33,0.5878,0,0,1,1,0.4241,2,1,2,1
3.87,0.085,0,1,0,3,0.4976,5,3,0,1
9.69,0.0462,0,0,1,0,0.4494,5,1,3,1
10.0,0.0001,0,0,1,1,0.222,0,1,1,1
2.8,0.1488,0,0,1,0,0.5068,1,0,2,0
4.25,0.0,0,1,1,0,0.7591,4,2,3,0
5.88,0.0515,0,0,1,2,0.2254,2,3,2,1
4.38,0.4552,0,0,1,2,0.5948,0,0,1,0
7.61,0.8125,0,0,1,0,0.5871,1,1,1,0
4.9,0.0328,0,0,1,2,0.4747,7,1,2,1
10.0,0.0477,0,0,0,2,0.6741,2,1,2,0
9.12,0.0733,0,0,1,1,0.6507,0,3,2,1
6.97,0.0007,0,0,0,1,0.4569,4,1,0,0
8.76,0.195,1,1,1,2,0.8152,3,1,1,1
8.93,0.0095,0,0,1,2,0.6902,4,0,1,0
5.26,0.0932,0,1,0,0,0.9434,5,1,1,1
4.7,0.0061,0,0,0,1,0.5334,2,0,0,0
6.67,0.2564,0,0,0,1,0.4696,4,2,2,1
8.4,0.0032,0,1,0,1,0.4979,2,1,1,1
6.81,0.1029,0,1,1,1,0.8446,1,1,2,0
3.03,0.0542,0,1,1,3,0.5128,3,0,3,1
4.73,0.2243,0,1,0,2,0.5281,4,0,1,0
6.34,0.0005,0,1,0,2,1.0,2,0,1,1
6.33,0.1355,0,0,1,1,0.2139,2,1,0,0
10.0,0.0987,0,0,0,0,0.6392,3,2,1,0
3.45,0.1612,1,0,1,0,0.5346,0,1,1,0
7.61,0.001,0,1,0,1,0.4873,0,0,1,0
9.78,0.2826,0,1,1,1,0.3117,2,0,1,1
10.0,0.1483,0,1,1,0,0.384,2,3,1,0
5.61,0.5821,0,0,0,0,0.448,4,4,3,1
7.58,0.2157,0,1,0,2,0.6739,2,0,1,0
7.75,0.3489,0,0,1,2,0.7631,2,1,0,1
6.93,0.0,0,1,1,0,0.1053,1,0,1,0
6.28,0.087,0,0,1,2,0.2496,5,1,1,1
7.46,0.4235,0,1,0,2,0.687,1,2,1,1
0.93,0.4889,0,0,1,1,0.7081,2,2,1,0
8.0,0.2566,1,0,1,0,0.1841,2,2,2,1
6.78,0.075,0,1,1,2,0.7686,3,0,1,0
6.01,0.1109,0,1,0,1,0.5465,2,0,1,0
10.0,0.2468,0,0,1,2,0.7368,3,2,2,0
5.02,0.0145,0,1,1,0,0.3371,3,0,1,1
5.61,0.1099,0,1,1,1,0.2025,2,1,0,1
10.0,0.0766,0,0,1,0,0.4728,2,1,3,0
4.67,0.5154,0,0,0,2,0.4839,1,2,0,1
5.29,0.1741,0,0,0,3,0.47,4,0,2,1
6.18,0.1397,0,0,0,1,0.4525,3,1,2,0
8.35,0.1008,0,1,0,0,0.9732,3,2,1,0
6.96,0.1782,0,0,0,1,0.125,0,0,1,0
3.66,0.1245,0,1,0,2,0.3388,0,2,1,1
5.33,0.1229,1,1,0,2,0.4454,2,0,1,1
5.16,0.0045,1,1,0,1,0.556,4,1,3,1
6.33,0.2774,0,1,1,3,0.7278,2,0,0,1
7.44,0.7892,0,1,0,2,0.7663,1,0,2,0
7.42,0.0391,0,0,0,0,0.8191,1,0,2,0
2.59,0.0363,0,1,1,1,0.6704,3,1,2,0
8.84,0.0188,0,1,0,1,0.1175,3,1,2,1
7.06,0.3652,0,0,0,2,0.1339,4,0,2,1
9.55,0.0128,0,1,0,1,0.8368,5,2,1,1
7.48,0.197,0,0,1,2,0.8207,1,2,2,1
8.92,0.1748,0,0,1,2,0.709,3,2,1,0
7.53,0.0093,0,1,0,2,0.3449,2,1,1,1
9.46,0.6552,0,1,1,1,0.4694,1,2,0,1
7.65,0.2787,0,1,1,3,0.4503,3,0,2,1
6.28,0.0784,0,0,1,1,0.2938,2,0,2,0
10.0,0.7186,1,1,1,3,0.6148,4,2,1,1
8.46,0.2394,0,1,1,1,1.0,2,2,1,0
7.76,0.1997,0,0,0,3,0.4261,2,0,1,1
3.69,0.1817,0,0,1,2,0.8742,3,2,1,0
3.67,0.1695,1,1,1,3,0.3287,6,1,1,1
7.14,0.0276,0,0,1,1,0.1658,1,0,1,0
6.82,0.6858,0,0,1,1,0.7969,3,1,1,0
5.15,0.62,0,0,0,0,0.4953,1,1,2,1
6.81,0.5833,0,1,0,0,0.8678,3,0,2,0
9.99,0.7238,0,0,1,1,0.9177,4,0,1,1
8.03,0.1034,0,0,1,3,0.4804,7,3,3,1
3.99,0.5248,0,0,1,2,0.8858,2,0,1,0
6.25,0.3206,0,0,1,1,0.331,5,2,2,0
4.73,0.0443,0,0,0,3,0.3271,0,1,0,0
5.65,0.1051,0,0,1,2,0.8181,5,0,2,0
5.59,0.0901,0,0,1,3,0.163,4,1,2,1
5.45,0.008,0,0,1,3,0.5496,2,3,2,0
3.74,0.0257,0,1,1,2,0.8624,1,2,2,1
6.22,0.2974,0,0,1,1,0.8792,4,1,0,0
5.27,0.0155,0,1,0,3,0.4418,3,2,0,1
0.06,0.0005,0,1,0,1,0.8023,3,4,2,0
10.0,0.3281,0,0,0,2,0.2693,5,1,2,1
8.9,0.1047,0,0,1,2,0.3832,4,0,0,0
5.67,0.6176,0,1,1,0,0.6076,3,1,0,1
6.54,0.0466,0,1,0,2,0.6444,3,1,2,1
3.92,0.0202,0,0,1,1,0.2881,2,2,3,0
10.0,0.0018,0,0,0,1,1.0,4,2,1,1
10.0,0.0421,0,0,0,0,0.0806,1,1,1,0
6.84,0.0113,0,1,1,2,0.5636,2,2,1,1
8.75,0.286,1,1,1,0,0.599,1,0,2,1
6.89,0.2744,0,0,1,2,0.1133,5,1,1,0
3.56,0.5741,0,0,1,2,0.881,3,1,0,1
5.59,0.0542,0,0,1,2,0.3649,2,0,1,1
6.79,0.0148,0,1,1,2,0.5746,5,1,2,1
5.5,0.0251,0,0,1,1,0.632,0,0,1,0
6.02,0.1575,0,1,1,1,0.1864,1,1,1,1
6.3,0.0003,1,0,1,0,0.282,3,2,3,1
6.32,0.2111,0,1,1,1,0.9408,3,1,3,0
6.61,0.1399,0,0,1,1,0.5335,3,0,2,1
4.17,0.1202,0,1,0,1,0.0,4,1,1,0
4.92,0.0051,0,0,0,2,0.4745,2,0,1,1
3.67,0.145,1,1,1,1,0.5418,3,0,1,1
8.65,0.0466,0,0,1,2,0.6048,4,1,1,0
1.87,0.3623,0,1,1,1,0.0503,5,0,1,1
9.04,0.1883,0,0,1,3,0.5427,2,1,1,1
9.55,0.0139,0,0,1,1,0.3418,1,0,2,0
5.84,0.0116,1,0,1,2,0.6053,1,0,2,1
0.77,0.0109,0,0,1,1,0.6766,1,0,1,0
5.71,0.332,0,0,0,1,0.65,3,3,1,1
6.36,0.3408,0,0,1,1,0.901,4,2,2,0
4.28,0.15,1,0,1,1,1.0,4,0,0,0
5.37,0.4153,0,0,1,3,0.2666,2,0,0,0
9.87,0.1212,1,0,0,1,0.4545,2,0,1,0
7.96,0.1962,0,0,0,0,0.7358,2,1,1,0
4.47,0.2196,0,0,1,2,0.5183,1,1,2,0
2.99,0.7067,0,0,0,1,0.0,1,0,2,1
5.78,0.4598,0,1,1,1,0.5019,0,3,1,1
6.03,0.0051,0,0,1,1,0.8585,2,1,2,0
7.59,0.619,0,1,0,1,0.2013,2,1,1,1
5.32,0.4188,0,0,1,1,0.6051,0,0,1,0
7.63,0.0548,1,1,1,2,0.0732,7,0,2,1
10.0,0.5511,1,0,1,1,0.7675,6,2,2,1
8.29,0.0013,1,1,1,2,0.6104,3,3,0,1
6.39,0.0004,0,0,1,2,0.408,1,0,0,0
6.1,0.3202,0,0,1,2,0.4455,2,1,0,0
5.72,0.8522,0,0,1,1,0.1752,4,1,1,1
9.1,0.0603,0,0,1,1,0.8019,2,0,1,0
5.12,0.0,1,0,0,1,0.3502,2,0,0,0
6.6,0.0746,1,0,1,2,0.6751,2,0,2,0
6.61,0.038,0,1,1,2,0.3095,2,1,2,1
5.4,0.0233,1,0,1,1,1.0,1,0,0,0
3.48,0.0025,0,0,1,3,0.9399,1,1,1,0
7.21,0.0056,0,1,1,1,1.0,5,0,2,1
6.37,0.2045,1,1,0,2,1.0,2,0,2,1
7.6,0.001,0,0,1,2,0.3914,0,2,1,1
5.33,0.0461,0,1,0,3,0.329,3,0,2,1
9.19,0.3354,0,0,1,3,1.0,3,1,2,0
4.57,0.1095,0,0,1,1,0.5147,0,2,1,0
10.0,0.3641,0,0,1,0,0.7583,4,1,2,0
2.66,0.3958,0,0,1,1,0.3948,3,0,0,0
7.46,0.048,0,0,1,2,0.3989,2,0,0,0
7.55,0.3225,0,0,1,2,0.7575,3,2,1,1
4.75,0.1911,0,0,1,1,0.0575,1,0,1,0
7.43,0.0001,1,0,1,0,0.7458,3,1,2,0
9.31,0.0212,0,1,1,1,0.6811,3,0,2,1
1.62,0.1211,0,1,1,1,0.4175,7,3,1,0
7.61,0.0494,0,1,1,0,0.556,1,0,1,0
1.01,0.0475,1,1,0,2,0.5952,5,1,2,1
4.38,0.1741,0,1,0,1,0.6093,2,0,1,0
10.0,0.4071,1,1,1,2,0.7225,1,2,1,1
5.22,0.1937,0,0,1,0,0.3463,1,0,0,0
3.92,0.744,0,0,1,2,1.0,1,1,0,1
6.06,0.0128,0,0,1,2,0.4986,6,0,2,0
10.0,0.5756,0,0,1,1,0.5173,4,1,1,1
2.47,0.0467,0,0,0,2,1.0,1,0,1,0
4.19,0.2905,0,0,1,0,0.0927,2,1,0,0
9.79,0.0376,0,1,1,3,1.0,4,2,1,1
10.0,0.2085,0,0,0,2,0.5734,1,0,2,1
6.27,0.0131,0,0,1,2,0.4175,3,2,0,0
3.77,0.1751,0,0,1,0,0.2701,3,3,1,0
10.0,0.24,0,1,1,0,0.2327,2,0,1,1
10.0,0.4498,0,0,1,1,0.4645,3,1,1,0
7.99,0.2981,0,0,1,0,0.6195,0,3,1,0
4.71,0.3909,0,1,1,2,0.7056,0,1,3,1
6.39,0.0007,0,1,1,1,0.6165,4,2,2,0
6.15,0.5452,0,1,1,1,0.4224,7,1,3,1
7.23,0.1343,0,1,0,0,0.8849,1,0,1,1
9.69,0.2928,1,0,1,3,1.0,2,0,2,1
8.43,0.0178,0,1,1,3,0.9237,1,2,2,1
4.13,0.1105,0,0,1,0,0.4602,5,0,0,0
9.53,0.0472,0,1,1,1,0.6755,3,1,3,0
7.19,0.2878,0,0,1,1,0.6915,1,0,1,0
8.01,0.0008,1,0,0,1,0.9509,2,1,2,1
9.73,0.1443,0,0,1,3,0.4655,3,1,2,1
4.05,0.7621,0,0,1,2,0.3088,1,3,0,1
6.42,0.0543,0,0,1,3,0.8335,7,1,3,1
5.33,0.0,0,0,1,2,0.6516,2,0,3,0
3.05,0.6326,0,1,1,2,0.2728,3,0,2,1
7.26,0.0024,0,0,0,2,0.7264,0,0,1,0
10.0,0.2124,0,0,0,2,1.0,0,2,1,0
2.45,0.2928,0,1,1,2,0.3766,1,2,1,1
6.43,0.0825,0,1,0,0,0.3272,1,0,3,1
7.91,0.005,0,0,1,2,0.5575,5,0,1,1
6.77,0.1885,0,0,1,1,0.7201,2,2,2,1
6.25,0.4931,0,1,1,3,0.5313,0,1,2,1
3.64,0.0214,0,0,1,1,0.8336,2,2,1,0
7.01,0.2106,0,0,1,0,0.6152,3,3,1,0
4.84,0.2897,0,0,0,1,0.8029,3,1,1,1
1.68,0.0429,0,1,1,3,0.3698,0,1,1,1
9.13,0.0426,0,0,1,3,0.2431,1,2,2,1
8.61,0.0511,0,0,1,2,0.465,0,2,0,0
6.61,0.3343,0,1,0,0,0.2134,2,0,1,1
7.0,0.0092,0,0,1,0,0.6523,2,1,0,0
8.86,0.4576,0,0,1,1,0.0458,5,1,1,1
6.99,0.004,0,0,0,3,0.4368,5,1,2,1
8.49,0.0273,0,1,1,2,0.4785,7,0,0,1
5.85,0.0403,0,1,1,3,0.2883,2,1,1,0
9.39,0.1167,0,1,1,2,0.4734,1,1,2,1
7.21,0.0746,1,0,1,2,0.5511,1,0,2,0
6.93,0.0024,0,0,1,1,0.8673,1,3,0,0
3.71,0.2113,0,0,1,0,0.2898,2,0,3,0
7.13,0.3553,0,0,1,3,0.6393,2,1,3,1
4.67,0.297,0,1,1,1,0.6889,1,0,0,0
5.1,0.0629,0,0,0,2,0.5447,2,0,3,1
4.71,0.2834,0,1,0,2,0.4255,2,2,1,1
4.15,0.2103,0,0,0,0,0.2653,3,1,3,1
10.0,0.3196,0,0,0,0,1.0,4,1,3,1
9.43,0.0002,1,1,1,1,0.5682,2,2,2,0
10.0,0.0292,0,0,0,2,0.4711,0,1,1,0
3.81,0.3725,1,1,1,0,1.0,3,0,3,1
6.66,0.0725,1,0,1,1,0.6056,3,3,1,1
3.65,0.0402,0,1,1,2,1.0,4,2,1,0
4.97,0.137,0,1,1,0,0.1959,1,1,1,0
4.48,0.0275,0,0,1,0,0.4907,2,2,1,0
9.23,0.1183,1,0,1,1,0.2075,3,0,3,1
5.63,0.1073,0,0,1,1,0.5195,5,0,2,1
8.85,0.1024,0,1,1,2,0.5183,1,1,0,1
7.83,0.1051,0,0,1,3,0.4355,2,0,0,1
10.0,0.0801,0,0,1,0,0.5635,1,0,0,0
3.25,0.3885,0,1,1,3,0.4477,5,1,2,1
9.27,0.1012,0,1,1,1,0.5224,2,1,2,1
9.02,0.1237,1,1,0,2,0.3611,1,1,1,1
4.36,0.0067,0,0,1,2,0.9107,1,0,1,0
8.72,0.3427,1,0,1,1,0.2728,2,2,1,1
7.24,0.4805,0,1,1,0,0.6031,3,2,1,1
6.0,0.1003,1,0,1,0,0.2518,2,0,1,0
4.69,0.0183,0,1,1,2,0.3413,2,0,1,1
4.92,0.0389,0,1,1,1,0.3679,3,1,1,0
10.0,0.0435,0,0,0,1,0.5171,4,3,0,1
6.5,0.2468,0,0,1,1,0.5939,4,1,3,0
8.22,0.041,1,0,0,1,0.2733,3,0,3,1
4.76,0.1186,0,0,0,2,0.4466,0,0,2,1
4.78,0.1989,0,0,1,2,0.3022,2,2,1,0
8.88,0.2876,0,1,0,2,0.2912,2,2,2,1
3.53,0.0318,0,0,1,1,0.8334,3,1,3,0
5.59,0.1659,0,0,1,1,0.202,4,0,1,0
6.57,0.4438,0,0,1,1,0.5687,3,0,1,1
6.75,0.6361,0,0,1,2,0.9745,2,2,2,1
6.11,0.1418,0,0,0,1,0.8515,3,1,2,0
7.37,0.4182,1,0,1,3,0.6563,3,2,2,0
8.02,0.0584,0,0,1,0,0.5459,3,1,1,0
8.12,0.0134,0,0,1,3,0.7342,1,2,1,0
4.33,0.0006,0,0,0,2,0.6423,2,1,1,0
5.87,0.1329,0,1,1,2,0.9057,2,1,0,1
9.13,0.0904,0,0,0,1,0.5166,2,2,0,0
8.47,0.0227,0,0,1,1,0.8003,4,0,1,0
3.48,0.0268,1,1,1,2,0.4686,5,1,1,1
7.27,0.1668,0,1,1,2,1.0,0,2,0,1
2.15,0.046,0,0,1,1,0.5095,2,1,2,0
6.6,0.0016,0,0,0,1,0.1453,3,0,1,1
10.0,0.294,0,1,1,2,0.5694,3,1,2,1
4.41,0.3764,1,0,1,3,0.7412,4,3,1,1
4.66,0.5969,1,0,0,1,0.9572,3,1,1,1
8.18,0.3086,0,0,1,1,0.301,2,2,0,1
3.11,0.1723,0,1,1,2,0.1139,3,0,3,1
5.11,0.0024,0,0,1,2,0.6742,2,2,0,0
7.81,0.0072,0,0,1,1,0.6664,5,2,0,0
5.1,0.4998,0,0,1,0,0.1972,2,0,2,1
5.98,0.0094,0,0,1,2,0.4676,1,2,1,0
8.14,0.1893,0,0,0,1,0.4788,2,2,2,1
7.43,0.5613,0,1,0,0,0.7558,3,2,2,1
7.09,0.0516,0,0,1,2,0.4466,2,0,2,0
5.75,0.1244,0,1,0,1,0.4411,6,2,2,1
7.31,0.3782,0,0,1,1,0.5787,3,0,0,1
6.23,0.3767,0,0,1,1,0.2055,2,0,0,0
7.51,0.0,0,0,1,2,1.0,3,0,0,0
5.41,0.3939,0,0,1,1,0.7835,0,3,2,0
6.1,0.0022,0,0,1,0,0.3746,0,0,2,0
4.32,0.034,0,1,0,1,0.2706,2,0,3,0
6.42,0.1233,0,0,1,0,0.29,4,0,2,0
4.72,0.1319,0,0,1,2,0.6967,2,0,1,0
4.05,0.5193,0,1,0,3,0.2974,1,2,0,1
7.07,0.1462,0,0,1,2,0.4877,7,0,1,0
6.97,0.0037,0,0,0,1,0.1273,3,0,1,1
8.22,0.0088,0,0,1,0,0.6853,5,2,2,0
5.55,0.026,0,0,1,1,0.6947,2,1,0,0
7.4,0.144,0,1,1,1,0.5039,2,0,2,0
7.71,0.1687,0,0,0,1,0.5984,2,0,2,1
7.48,0.0025,0,1,0,0,0.7489,3,0,2,0
4.68,0.225,0,1,1,2,0.5917,3,1,3,1
6.83,0.0005,1,0,1,2,0.7452,3,1,2,1
7.3,0.1952,0,0,1,2,0.258,5,1,2,0
6.52,0.0065,0,1,1,0,0.6447,4,1,0,0
1.91,0.4863,1,1,1,2,0.5984,6,1,3,1
6.85,0.0096,0,0,1,0,0.8505,1,0,1,1
10.0,0.0703,0,1,1,0,0.5576,4,1,1,1
5.71,0.026,0,1,0,1,0.5257,3,0,3,0
4.9,0.0001,0,0,0,1,0.4107,1,0,1,0
7.32,0.5431,0,1,0,1,0.9228,1,0,0,0
7.19,0.008,1,0,1,0,0.0,4,2,1,0
9.12,0.2822,0,0,0,0,0.6778,0,1,1,1
3.73,0.0169,0,0,0,2,0.5449,0,0,2,0
8.11,0.1336,1,0,1,1,0.5041,4,1,1,1
7.8,0.8218,0,1,1,1,0.4677,2,0,0,1
6.19,0.223,0,0,1,1,0.536,3,2,2,1
7.25,0.0567,0,0,1,0,0.6696,2,3,0,0
8.76,0.1779,0,1,1,2,0.3512,1,3,1,1
8.42,0.1267,0,0,1,1,0.5838,2,1,1,0
3.99,0.0739,0,0,1,1,0.6377,0,0,0,0
8.3,0.5563,0,0,1,2,0.3116,5,2,1,1
6.36,0.0489,0,0,0,2,0.676,0,0,2,1
6.66,0.0105,0,1,1,1,0.6397,5,0,0,0
6.66,0.0003,0,0,1,1,0.3503,1,2,0,0
6.17,0.3826,0,0,1,3,0.253,2,4,2,1
9.12,0.0398,0,0,1,2,0.347,2,1,0,0
6.32,0.1842,0,0,0,3,0.5838,6,2,1,1
4.04,0.1955,1,0,1,3,0.531,2,1,0,1
5.63,0.1325,0,0,0,2,0.8985,5,1,1,1
6.89,0.0702,0,0,1,1,0.4582,3,2,1,1
9.2,0.5046,0,0,1,2,0.3277,2,1,2,1
7.83,0.0426,0,0,1,2,0.7143,5,3,1,0
4.63,0.0238,0,0,1,1,0.305,0,1,2,0
10.0,0.0477,0,0,0,2,0.3523,1,2,3,1
7.08,0.0409,0,1,1,2,0.3556,3,3,2,1
9.31,0.0886,0,1,1,1,0.0,2,0,3,1
6.17,0.1896,0,0,1,1,0.6917,2,2,0,0
7.67,0.123,0,1,1,0,0.785,1,0,3,0
8.35,0.3845,0,1,0,2,0.7792,2,1,1,1
9.18,0.011,1,0,1,2,1.0,3,2,1,0
8.83,0.355,0,1,1,1,0.9268,0,2,1,1
8.42,0.5045,0,0,1,1,0.4665,2,0,2,1
5.81,0.0925,1,1,0,0,0.8273,1,0,3,0
5.24,0.1921,1,0,1,0,0.5256,2,1,1,0
7.23,0.4586,0,1,1,0,0.4435,3,1,1,1
8.55,0.1548,0,0,0,1,0.3611,4,1,1,0
6.01,0.1352,0,0,0,0,0.4831,3,0,1,0
8.84,0.0,0,1,0,1,0.6322,4,1,1,0
9.7,0.0073,0,1,1,2,0.9453,2,2,1,1
4.48,0.0038,0,1,1,3,0.7322,1,0,2,0
4.66,0.0007,0,1,0,1,0.3572,2,1,1,1
6.19,0.0179,0,1,1,1,0.289,6,2,1,1
7.18,0.0114,1,1,0,3,0.6921,2,1,1,1
5.35,0.2136,0,0,1,3,0.7756,0,3,3,1
9.47,0.0646,0,0,1,1,0.8569,4,2,2,1
7.43,0.3362,0,0,1,1,0.4828,2,0,1,0
6.59,0.1134,0,1,1,1,0.6674,2,2,2,0
3.34,0.3784,1,0,0,0,0.764,1,2,1,1
3.61,0.0356,0,0,0,1,0.2122,4,1,0,0
7.12,0.4021,0,0,1,1,0.6194,4,0,1,0
1.81,0.0035,0,1,0,2,0.7761,4,0,2,0
8.73,0.0,0,0,1,1,0.6776,1,2,3,0
6.15,0.0002,0,0,1,2,0.5298,1,1,1,0
10.0,0.4093,0,0,1,1,1.0,2,0,2,0
10.0,0.6832,0,0,0,1,1.0,2,3,2,0
6.1,0.0328,0,0,1,2,0.5523,2,0,2,0
6.27,0.5834,0,0,1,2,0.5026,2,0,0,1
8.69,0.0546,0,0,1,0,0.7251,2,2,1,0
10.0,0.3281,0,1,1,1,0.5356,3,1,1,1
2.9,0.2808,0,1,1,1,0.8679,3,1,0,0
2.57,0.0037,0,0,1,1,0.2332,2,0,2,0
5.13,0.4837,0,1,1,0,0.4898,2,1,0,0
7.78,0.0706,0,1,1,1,0.7213,5,2,1,1
7.59,0.0171,0,1,1,0,0.8009,6,0,2,0
8.85,0.1118,0,0,0,1,0.1798,2,0,2,1
3.86,0.2869,0,0,0,2,0.3115,3,2,1,1
1.4,0.6094,0,1,0,1,0.1309,5,0,1,1
8.39,0.0375,1,0,0,1,0.3317,3,2,1,1
4.68,0.0029,0,0,1,2,0.2307,2,0,0,0
2.06,0.1851,0,0,1,2,0.6848,7,2,2,0
6.82,0.4347,1,1,1,1,0.6073,1,0,1,1
8.24,0.0124,0,0,1,1,0.5115,0,1,1,0
6.23,0.2712,0,0,1,2,0.5565,2,1,0,0
5.49,0.0037,0,1,1,3,0.8486,1,0,2,1
6.15,0.0003,0,1,1,1,0.2894,3,1,2,1
5.68,0.0313,0,0,1,2,0.0674,2,0,1,0
3.53,0.1676,1,0,1,3,0.7276,6,2,0,1
4.93,0.0567,0,1,1,1,0.4523,2,3,3,1
7.65,0.231,0,0,1,1,0.2954,2,2,1,1
7.21,0.3143,0,1,1,2,0.6885,4,0,0,1
6.87,0.0127,0,1,1,0,0.0581,5,1,1,0
4.31,0.0342,0,0,1,1,0.3356,3,0,0,0
6.1,0.0447,0,0,1,1,0.0,4,2,1,1
1.71,0.3653,0,0,0,1,0.6148,3,0,1,1
6.89,0.0154,0,1,0,0,0.9434,1,1,3,0
9.64,0.02,1,0,0,2,0.4067,4,0,1,1
3.26,0.4569,0,0,0,3,0.3521,1,0,1,1
5.21,0.137,0,0,1,1,0.9961,3,1,2,0
7.22,0.0325,0,0,0,0,0.7069,6,0,2,1
9.26,0.0704,0,0,1,2,1.0,3,2,3,0
5.51,0.058,0,0,0,1,0.5902,3,0,3,1
4.98,0.0313,0,1,1,2,0.6067,1,2,1,0
2.17,0.1546,0,0,0,2,0.9112,2,2,2,0
6.73,0.0325,0,0,1,3,0.5128,0,0,1,0
10.0,0.4068,1,1,1,0,0.6118,2,0,1,1
7.11,0.2138,0,1,1,0,0.0,1,0,0,1
6.45,0.0014,0,1,1,1,0.9844,3,1,2,0
7.21,0.2081,0,0,0,1,0.6477,6,3,1,1
6.48,0.0016,0,0,1,3,0.5232,1,3,0,0
4.71,0.0,1,0,1,3,0.7768,6,2,0,1
8.31,0.0893,0,1,1,2,0.2546,5,1,2,1
7.0,0.0088,0,1,0,1,0.4122,0,0,1,1
6.54,0.1328,0,1,0,2,0.6883,3,1,2,0
4.35,0.101,0,0,1,1,0.561,0,0,3,0
9.37,0.5917,0,1,1,3,0.6617,3,1,1,1
7.96,0.017,1,1,0,1,0.6123,3,0,2,1
5.28,0.0179,0,0,1,0,0.7076,1,0,1,0
8.7,0.5539,0,0,0,2,0.2198,6,2,2,1
5.41,0.013,0,0,0,2,0.8695,2,1,1,0
4.78,0.0003,0,0,1,2,0.429,6,3,3,1
4.83,0.0297,0,0,1,0,0.5644,2,3,3,0
2.6,0.0432,0,1,1,2,0.3998,3,0,1,0
7.54,0.0596,0,1,1,2,0.4781,1,0,1,1
2.47,0.1534,0,1,1,2,0.6073,2,1,2,1
3.8,0.147,0,0,1,1,0.7338,4,0,1,0
1.93,0.8252,1,0,0,2,0.7753,4,0,3,1
6.31,0.0754,0,1,1,1,0.6581,2,1,2,1
6.17,0.8916,0,0,1,0,0.4011,2,1,2,0
5.78,0.1358,0,0,0,1,0.6424,2,2,2,0
4.21,0.1275,0,1,1,2,0.6101,2,0,1,1
3.92,0.0948,0,0,1,0,0.5648,0,0,3,0
7.52,0.3897,0,0,1,1,0.6836,2,0,1,0
5.29,0.0187,0,0,1,2,0.2311,4,2,1,0
7.2,0.1535,0,1,0,1,0.0433,3,1,1,1
4.55,0.0028,0,0,0,0,0.8475,5,2,1,1
6.9,0.0191,0,0,1,2,0.5172,3,1,0,0
9.37,0.0128,0,1,0,0,0.654,2,1,2,1
7.79,0.2614,0,0,0,1,0.3331,0,1,2,1
5.59,0.3845,0,0,0,1,0.8656,0,0,1,0
7.07,0.2691,1,0,1,1,0.6375,3,0,3,1
5.97,0.0216,0,0,0,1,0.5051,2,1,2,1
6.52,0.0017,0,0,0,3,0.6214,8,2,1,1
5.78,0.0099,0,1,0,2,0.1146,2,1,1,1
6.14,0.0024,0,0,1,1,0.6433,2,1,1,0
6.97,0.0017,0,1,1,1,0.9217,4,1,1,0
4.31,0.032,0,0,0,1,0.6288,3,0,1,0
4.27,0.0279,0,0,1,0,0.5965,4,0,1,0
3.45,0.3046,0,0,1,3,0.4707,3,1,1,1
2.98,0.0337,0,0,1,1,0.8207,1,1,3,0
3.82,0.1513,0,0,0,2,0.8578,1,1,1,1
6.85,0.531,0,0,1,2,0.442,7,1,1,1
4.54,0.0135,0,0,1,2,0.6397,2,2,2,0
7.63,0.4279,0,1,0,0,0.6081,1,3,1,0
6.58,0.0324,0,0,0,1,0.6504,0,0,2,0
2.17,0.0308,0,0,0,0,0.3568,3,0,2,0
7.94,0.1079,0,1,1,2,0.8357,1,0,0,0
8.28,0.0188,1,0,1,1,0.6913,2,1,1,1
4.31,0.251,0,1,0,0,0.8506,0,0,1,0
7.42,0.4889,0,1,0,2,0.2712,2,1,2,1
4.62,0.3103,0,1,1,1,0.2859,1,0,2,0
6.71,0.0011,0,0,1,0,1.0,4,1,2,0
3.72,0.02,0,1,1,1,0.8368,1,1,2,0
2.56,0.1665,0,1,1,1,0.3462,3,1,1,0
5.66,0.5734,0,1,1,3,0.767,4,2,2,1
6.23,0.5027,0,1,0,1,0.4335,3,1,3,1
5.63,0.1286,1,0,1,1,0.1253,0,1,2,1
3.9,0.3098,0,1,1,3,0.0249,2,3,1,0
5.62,0.3213,0,0,1,1,0.5445,0,1,1,0
7.09,0.0678,0,0,1,1,0.9402,2,1,1,1
6.4,0.2272,0,0,1,0,0.9303,3,2,1,0
6.9,0.1018,1,0,0,3,0.865,0,0,1,1
5.03,0.093,0,0,0,2,0.7575,2,0,1,1
9.08,0.4635,0,1,1,1,0.6293,1,1,1,1
3.91,0.174,0,1,1,1,0.838,4,0,2,0
7.57,0.0199,0,1,1,3,0.0473,2,0,1,0
9.1,0.1336,0,1,1,1,0.7974,1,0,1,1
7.56,0.0017,0,0,0,1,0.2697,3,0,2,1
6.05,0.049,0,0,1,2,0.3218,3,1,2,0
5.34,0.3304,1,0,1,2,0.724,1,3,2,1
8.78,0.0091,0,0,1,3,0.7822,1,2,2,1
3.37,0.0903,0,1,1,2,0.3976,3,1,2,1
4.37,0.3495,0,1,0,3,0.7115,3,0,2,1
5.63,0.0221,0,0,0,2,0.6907,4,1,2,0
9.22,0.0035,0,0,1,0,0.4723,3,0,2,0
7.34,0.0757,1,0,1,0,0.5885,3,1,1,1
4.37,0.3456,0,0,1,2,1.0,3,0,0,0
5.82,0.2713,0,0,1,0,0.4796,5,1,2,0
5.15,0.1827,0,0,1,2,0.4882,1,2,0,0
4.94,0.0345,1,0,1,2,0.5875,1,1,2,0
8.65,0.2143,0,1,1,1,0.5043,4,2,1,1
3.48,0.0084,0,0,0,1,0.7476,2,1,2,0
10.0,0.6037,0,1,1,0,0.9173,3,1,1,1
8.32,0.0798,0,1,1,0,0.4883,3,0,1,0
8.9,0.0177,0,0,1,2,0.3358,1,1,1,1
5.48,0.043,0,1,1,0,1.0,7,1,0,1
6.17,0.0111,1,0,0,3,0.58,1,1,0,0
3.35,0.1269,1,0,0,1,0.1239,7,2,1,1
5.35,0.0909,0,0,1,2,1.0,4,0,3,0
7.59,0.328,0,1,0,0,0.8315,4,1,1,1
9.35,0.0015,0,0,1,1,0.9503,1,1,2,0
4.06,0.0696,0,0,1,1,0.9086,1,2,3,0
5.7,0.085,0,0,1,0,1.0,0,3,1,0
6.17,0.0259,0,0,0,2,0.2908,2,0,2,1
3.43,0.0863,1,1,1,3,0.3511,1,1,1,1
7.8,0.4155,0,1,1,0,0.4269,1,1,1,0
4.91,0.0231,0,0,1,1,0.4198,1,1,1,0
6.07,0.0037,0,0,0,2,0.5807,1,1,1,0
5.51,0.0773,0,1,1,2,0.4275,5,1,2,1
4.76,0.0607,0,1,0,0,0.2526,3,0,1,0
6.48,0.1122,0,1,1,0,0.3314,5,0,1,0
6.03,0.003,1,0,1,0,0.4766,3,0,2,0
5.68,0.1272,0,0,1,1,0.8361,3,1,0,0
4.9,0.1499,0,1,1,0,0.4062,2,0,2,1
7.2,0.6648,0,0,0,1,0.7525,1,1,3,1
10.0,0.0029,0,1,1,1,0.2197,3,2,2,0
6.81,0.26,0,1,1,1,0.0,2,0,1,1
8.69,0.0076,0,0,0,0,0.5167,2,2,0,0
3.44,0.0487,0,1,1,1,0.3975,4,0,1,1
6.85,0.2289,0,0,0,0,0.3296,5,2,1,0
4.09,0.1931,0,1,0,1,0.3003,2,1,2,1
3.25,0.2451,0,1,1,1,0.3731,1,3,2,1
4.87,0.4536,0,1,0,0,0.3032,1,1,1,1
9.12,0.0135,1,1,1,2,0.3258,4,1,1,1
8.59,0.4069,0,0,1,1,0.2103,1,2,2,1
7.03,0.3482,0,1,1,2,0.0176,6,3,2,1
3.13,0.1011,0,1,1,1,0.0,3,0,1,0
6.07,0.2449,0,0,0,1,1.0,5,0,2,0
7.16,0.097,0,0,1,2,0.5342,2,0,3,0
6.89,0.2829,0,0,1,0,0.9311,3,1,1,0
2.44,0.0397,1,0,1,0,0.5056,1,1,1,0
4.54,0.1088,0,1,1,1,0.5139,2,1,2,1
6.36,0.671,0,0,1,1,0.6267,3,0,1,1
7.68,0.2743,0,0,1,1,0.71,2,0,2,0
1.67,0.1677,0,0,1,2,0.2383,2,1,1,0
6.14,0.5011,1,1,1,0,0.4551,4,0,0,1
6.81,0.0931,0,1,1,3,0.6262,1,2,1,1
8.37,0.0581,0,0,1,0,0.0666,3,3,0,0
8.02,0.1983,0,1,0,1,0.8743,2,3,1,1
7.78,0.2399,0,0,0,3,0.8157,1,0,1,0
4.74,0.1949,0,0,1,0,0.0246,1,1,0,0
2.3,0.005,0,1,1,3,0.3302,4,0,0,0
5.64,0.5398,0,0,1,0,0.5762,4,0,1,0
8.7,0.6401,1,0,1,0,0.7605,2,0,1,1
9.57,0.4461,0,0,0,1,0.9315,5,1,3,1
8.06,0.1035,0,0,1,1,0.3907,1,0,0,0
7.44,0.2018,0,0,1,1,1.0,4,0,2,0
7.34,0.0245,0,0,1,0,0.5378,3,1,1,0
5.28,0.6732,0,1,1,0,0.494,0,2,0,1
6.21,0.8501,0,0,1,0,0.6904,3,0,0,0
10.0,0.2145,0,0,1,1,0.6277,5,2,1,1
4.43,0.0545,0,0,0,3,0.6137,4,1,2,1
10.0,0.6082,0,1,1,1,1.0,2,0,3,1
5.79,0.0472,0,1,0,2,0.6118,1,1,1,1
9.42,0.2069,0,1,1,0,0.3039,1,0,0,1
3.41,0.0125,0,0,1,0,0.3401,5,0,1,0
7.79,0.0098,0,1,0,1,0.9182,4,0,3,1
4.88,0.026,0,0,1,2,0.721,3,0,0,0
3.39,0.003,0,1,1,2,0.1609,2,1,2,0
6.98,0.0982,0,0,1,1,0.1486,2,3,1,1
8.72,0.0551,0,1,0,1,0.5563,2,2,0,1
4.64,0.0998,1,0,0,0,0.7041,4,1,1,1
3.2,0.0927,0,0,1,2,0.3805,3,2,3,1
6.3,0.1104,0,1,1,1,0.13,3,0,2,0
6.31,0.1349,0,1,1,2,0.2687,3,2,1,1
7.71,0.2434,0,0,1,2,0.9614,1,1,0,0
8.59,0.016,0,1,0,2,0.6742,2,2,1,1
6.37,0.1451,0,0,0,1,0.8,6,2,0,0
10.0,0.6355,0,1,1,2,0.8412,1,1,1,1
6.99,0.3329,0,1,0,1,0.3935,4,0,2,1
5.74,0.2473,0,0,1,1,0.4567,2,0,1,0
2.95,0.0112,1,0,1,0,0.508,3,2,2,0
5.92,0.0166,0,0,1,2,0.6542,2,2,2,1
5.76,0.124,0,0,1,1,0.8224,5,2,1,0
8.61,0.0007,0,1,1,2,1.0,1,1,2,0
7.52,0.0327,1,1,1,2,0.7536,1,1,0,1
3.91,0.0726,0,1,1,2,0.7554,2,2,1,0
6.88,0.3974,0,0,1,0,1.0,2,2,2,0
7.98,0.1282,0,0,0,3,0.4987,3,1,0,0
9.86,0.0008,1,0,1,0,0.8473,6,1,0,0
8.45,0.1701,0,1,0,2,0.6946,4,2,1,1
8.17,0.0579,0,0,1,1,0.7037,2,1,2,0
6.63,0.4136,0,1,0,2,0.4964,5,0,3,1
7.35,0.4527,1,0,1,1,0.2014,4,0,2,1
9.25,0.0,0,1,1,2,0.6362,0,2,3,0
3.57,0.0063,1,0,1,1,0.6373,5,1,2,0
5.73,0.6426,0,1,1,2,0.4061,5,2,1,1
4.8,0.1238,0,0,1,1,0.5258,1,0,1,0
7.33,0.0659,0,1,0,2,0.3295,3,2,2,1
9.21,0.0652,0,1,1,0,0.3316,1,0,1,1
5.19,0.0174,0,0,1,2,0.4298,2,1,1,0
1.24,0.3833,1,0,1,1,0.2179,2,0,2,1
5.59,0.0386,0,1,0,1,0.4041,3,0,1,0
8.51,0.0983,0,0,0,2,0.7284,3,0,3,1
7.68,0.0006,0,1,1,2,0.914,3,1,1,0
7.44,0.0364,0,1,1,2,1.0,3,0,1,0
5.88,0.0448,0,0,1,3,0.45,1,2,1,0
3.69,0.0162,0,0,0,0,0.85,3,0,2,0
7.63,0.1847,0,1,1,1,0.634,3,5,1,1
4.66,0.0216,0,1,1,1,0.4907,2,4,1,0
10.0,0.0059,0,1,0,1,0.6506,2,1,2,1
7.76,0.074,0,0,1,1,0.8255,2,0,1,0
5.22,0.0668,0,1,0,2,0.4254,2,1,2,1
5.15,0.1126,0,0,1,1,0.4197,1,1,1,0
6.3,0.0512,0,1,1,1,0.4476,2,1,3,1
5.97,0.0152,0,0,0,1,0.3933,3,1,1,0
8.96,0.7305,0,0,1,0,0.8497,3,1,1,0
6.91,0.0127,0,0,1,1,0.359,5,0,2,0
4.89,0.0056,0,0,0,0,0.4031,5,0,2,0
10.0,0.2111,1,1,1,3,0.6278,4,1,0,1
6.61,0.0666,0,0,1,1,0.6076,4,2,2,0
8.19,0.1372,0,0,1,2,0.4475,6,1,1,1
5.16,0.3246,0,0,1,1,0.9709,7,2,3,1
7.3,0.005,0,0,1,1,0.3923,2,1,1,0
7.18,0.0304,0,0,1,0,0.5072,0,1,0,0
2.34,0.0068,0,0,0,2,0.0683,2,1,0,0
10.0,0.2538,0,0,0,3,0.4738,5,0,2,1
9.34,0.1817,0,0,1,0,0.2193,1,1,2,0
5.63,0.0005,0,0,1,0,0.3209,1,2,1,0
4.08,0.2164,0,0,0,1,0.061,1,0,0,1
7.26,0.1847,0,1,0,1,0.3269,4,0,1,1
6.69,0.0603,0,1,1,2,0.5312,2,1,2,0
7.28,0.0964,1,1,1,1,0.489,1,0,2,1
6.92,0.0787,0,1,0,0,0.4463,3,0,2,0
7.61,0.4329,0,1,0,3,0.4688,2,0,2,1
9.68,0.0506,0,0,1,1,0.4238,7,0,1,0
7.75,0.545,0,0,1,2,0.5413,5,1,1,1
4.19,0.2135,0,1,1,2,0.5224,2,1,2,0
9.5,0.1015,0,1,1,0,0.6187,0,2,1,0
10.0,0.2907,0,0,1,0,0.4998,2,1,2,1
10.0,0.9697,0,0,0,0,0.4416,1,2,1,1
4.03,0.0629,1,1,1,3,0.7446,2,1,1,0
7.03,0.0002,1,1,0,2,0.7007,5,1,0,1
1.92,0.0012,0,0,1,0,0.5419,0,0,0,0
7.72,0.0018,0,1,1,2,0.8488,6,1,0,1
5.29,0.124,0,1,0,2,0.5707,2,0,1,0
10.0,0.1051,0,0,1,0,0.5097,2,0,0,0
4.8,0.0007,1,1,0,1,0.5329,1,1,1,1
2.78,0.6668,0,1,1,2,0.5913,1,1,1,0
5.46,0.0225,0,0,0,0,0.3207,7,2,1,1
2.15,0.0338,0,1,0,2,0.0816,3,0,1,1
8.15,0.0035,0,0,1,2,0.6204,3,0,2,0
1.96,0.5448,0,1,1,0,0.7585,1,2,2,1
6.56,0.0604,1,1,1,2,0.2998,4,0,2,1
1.93,0.1023,0,0,0,0,0.8183,2,1,3,0
5.8,0.0115,0,0,1,2,0.1384,2,0,0,0
10.0,0.2592,0,1,1,1,0.4103,1,2,2,1
7.29,0.4637,0,1,1,2,0.9765,1,1,0,0
4.6,0.5468,0,0,1,2,0.639,2,2,3,1
6.43,0.0497,0,1,1,1,0.4744,0,0,1,0
6.54,0.0117,1,0,1,1,0.6131,1,3,1,0
7.54,0.2511,0,0,1,1,0.8491,2,1,3,1
3.49,0.0524,1,1,1,1,0.1887,5,2,2,1
7.8,0.3031,0,1,1,1,0.8795,5,0,0,1
0.55,0.0345,1,1,1,3,0.4275,3,1,0,1
5.11,0.0747,0,0,0,2,0.7271,2,0,2,0
5.43,0.0372,0,0,1,1,0.3964,4,0,0,0
7.89,0.2745,1,1,1,2,0.9709,0,2,2,1
6.55,0.007,0,0,1,1,0.5422,3,3,3,0
3.41,0.1051,1,0,1,2,0.2178,1,1,0,1
4.33,0.0235,0,1,1,1,0.6675,2,2,1,0
6.94,0.169,1,1,1,0,0.8753,1,1,0,0
6.33,0.0383,0,0,1,0,0.8471,4,0,0,0
5.23,0.2897,0,0,1,3,0.5734,3,0,1,1
5.44,0.5364,0,1,1,1,0.753,6,1,2,1
8.03,0.023,0,1,0,1,0.4446,5,1,1,1
5.36,0.1611,1,0,1,1,0.6978,4,0,1,1
6.31,0.0011,0,0,1,1,0.6407,1,3,1,1
10.0,0.0479,1,0,0,1,0.0,3,3,1,1
3.37,0.2362,0,1,0,2,0.2998,2,2,1,1
2.43,0.6058,1,0,1,0,0.602,3,2,2,0
8.22,0.0329,0,1,1,1,0.5912,3,1,1,1
5.01,0.0451,0,0,1,1,0.5427,4,0,3,0
5.8,0.4508,0,0,0,1,0.5723,3,1,0,1
4.78,0.4397,1,1,0,1,0.8519,1,2,2,1
5.93,0.1207,0,0,0,1,0.6385,3,2,1,1
10.0,0.7169,0,1,1,0,0.0,4,1,2,1
8.26,0.048,0,0,1,1,1.0,9,1,3,0
8.4,0.2756,0,0,1,1,0.0734,4,1,2,0
3.38,0.0006,1,0,1,1,0.7895,0,0,1,0
3.97,0.0002,0,0,1,1,0.1589,2,0,1,0
0.25,0.0066,0,0,0,2,0.9059,2,2,1,0
4.72,0.2398,1,1,0,2,0.4805,1,0,1,1
8.6,0.0956,0,0,0,1,0.6461,0,0,2,0
7.64,0.0,0,1,1,0,0.0535,3,2,2,1
6.01,0.0148,0,0,0,1,0.7324,0,1,0,0
6.45,0.096,1,0,1,3,0.6541,3,1,1,1
4.98,0.3999,0,0,0,0,0.7043,5,1,1,0
6.95,0.0833,0,1,0,0,0.7874,4,3,2,0
8.18,0.043,0,0,1,1,0.5946,3,0,1,0
2.95,0.266,0,0,1,1,0.4973,4,3,1,0
7.16,0.0098,0,0,1,1,0.3473,6,2,1,0
8.55,0.4837,0,0,1,2,0.4392,4,0,1,1
5.59,0.033,0,0,0,1,0.8516,4,1,3,0
8.04,0.0043,0,0,1,1,0.3406,0,1,2,0
10.0,0.0044,1,0,1,3,0.0892,3,0,1,1
6.27,0.1764,0,0,1,0,0.3031,2,1,2,1
7.37,0.002,0,1,0,0,0.7015,2,1,2,1
4.88,0.1829,0,1,1,1,0.4743,1,0,1,1
6.9,0.0509,0,1,0,0,0.7011,2,2,1,0
7.51,0.0554,0,0,0,2,0.0499,3,1,3,1
6.93,0.0513,1,0,0,1,0.0,3,3,3,1
4.26,0.1779,1,1,1,2,0.616,2,2,1,1
6.95,0.0397,0,0,1,2,0.8012,2,0,2,1
9.72,0.0861,0,0,1,1,0.1223,3,2,0,1
7.49,0.109,0,1,1,1,0.6815,1,0,0,0
8.62,0.1084,0,1,1,1,0.8476,3,1,1,1
5.98,0.0748,0,1,1,2,0.5489,2,0,1,0
8.15,0.3259,0,1,0,0,0.7753,4,0,1,1
7.11,0.1588,0,1,1,1,0.5976,3,0,1,0
4.41,0.1086,1,1,1,2,0.4843,4,1,0,0
7.2,0.0933,0,0,1,1,0.7553,3,2,1,1
4.32,0.1277,0,1,1,0,1.0,1,1,2,0
5.11,0.5486,1,1,1,1,0.4105,2,3,1,1
6.92,0.003,0,0,0,1,0.5281,1,2,1,1
7.15,0.0011,0,0,1,1,0.3023,4,2,2,0
3.88,0.539,0,0,0,2,0.5888,3,0,2,1
8.82,0.1254,0,1,0,1,0.5109,3,0,1,0
7.76,0.5302,0,0,1,1,0.8396,0,0,0,0
4.95,0.0261,0,0,1,1,0.9049,2,2,3,0
3.12,0.0017,0,0,0,2,0.747,4,1,1,0
6.18,0.4756,0,1,1,2,0.8117,1,1,1,1
5.52,0.0123,0,1,1,1,0.3738,2,2,2,0
6.75,0.1136,0,0,0,1,0.3113,2,1,2,1
5.7,0.0026,0,0,1,2,0.6592,2,0,2,1
2.08,0.2367,0,0,0,1,0.555,1,0,0,0
5.65,0.1036,0,0,1,1,1.0,1,1,2,1
5.83,0.0042,0,0,1,1,0.0696,2,1,2,0
7.89,0.5767,0,0,1,0,0.7049,5,1,1,0
4.96,0.3778,0,0,1,1,0.7008,5,2,1,0
10.0,0.036,0,0,1,2,0.3595,1,2,1,1
2.29,0.0301,1,0,1,1,0.3081,0,0,1,0
9.38,0.4419,0,1,0,1,0.4652,5,2,3,1
6.01,0.1695,0,0,0,0,0.1396,2,0,2,0
8.39,0.0941,0,0,1,0,0.9143,1,2,1,0
6.68,0.0177,0,0,1,0,1.0,5,0,2,0
9.01,0.0579,0,0,1,0,0.4647,3,1,1,1
5.65,0.3881,1,0,1,1,0.3902,3,0,0,0
4.08,0.1518,0,0,1,1,0.2223,2,0,1,0
9.63,0.0001,1,1,1,1,0.276,2,1,3,1
6.25,0.3575,0,0,1,3,0.4026,4,2,2,1
6.99,0.3225,0,0,0,1,0.8522,0,1,3,0
9.22,0.1238,0,1,1,2,1.0,2,0,0,0
4.23,0.0028,0,0,1,1,0.3693,5,0,1,0
7.81,0.0899,0,1,1,1,0.3245,2,0,0,1
5.2,0.4087,0,0,1,1,0.258,0,0,2,1
6.21,0.0538,0,0,1,0,0.6627,4,1,1,0
6.66,0.719,0,0,0,0,0.6361,3,0,1,1
3.2,0.1156,0,0,1,0,0.5752,1,1,1,0
4.79,0.3614,0,1,1,1,0.4389,0,0,3,0
9.47,0.0002,0,0,1,1,0.8898,1,0,2,1
8.45,0.0006,1,0,0,2,0.7411,3,1,2,1
6.36,0.268,1,1,1,1,0.7302,3,0,2,1
7.03,0.3648,0,0,0,1,0.6426,4,1,2,1
5.85,0.0507,0,1,0,2,0.5027,1,1,1,1
9.48,0.0873,0,0,0,0,0.3712,1,2,1,0
6.06,0.0786,0,1,0,2,0.68,1,3,1,1
7.01,0.2642,0,1,1,3,0.6558,3,2,1,1
9.02,0.0,0,0,0,1,0.6918,1,0,2,0
4.79,0.1306,1,0,0,0,0.1589,2,0,1,1
9.93,0.0155,0,0,1,3,0.6348,4,0,1,0
3.13,0.0259,0,0,1,1,0.4728,3,2,2,1
10.0,0.3647,0,0,1,1,0.3304,3,0,1,1
5.68,0.3223,0,1,1,1,0.7321,4,1,1,1
5.97,0.2004,0,0,1,1,0.5943,1,1,1,1
2.34,0.0101,0,0,1,3,1.0,4,2,0,1
5.5,0.0646,0,0,1,0,0.6711,2,0,1,0
4.21,0.0119,0,0,0,1,0.4757,2,0,0,0
5.16,0.7042,0,0,1,1,0.5229,2,1,2,1
6.2,0.0057,0,0,0,1,0.257,2,1,1,1
8.61,0.1191,0,0,1,1,0.8577,2,1,1,0
6.96,0.108,0,0,1,3,0.6287,3,1,2,1
7.18,0.1612,1,1,0,2,0.633,4,2,3,1
4.09,0.0452,0,1,1,1,0.2839,2,1,2,0
4.56,0.1778,0,0,1,1,0.7448,2,0,0,0
10.0,0.0524,1,1,1,0,0.3162,0,1,1,0
4.88,0.016,0,0,1,1,0.4115,1,0,0,0
10.0,0.0278,0,1,0,0,0.5814,2,1,0,0
5.97,0.1354,0,0,1,2,0.4048,3,2,0,1
6.51,0.5666,0,1,1,1,0.3519,1,3,1,1
8.85,0.3176,0,1,1,2,0.5375,1,0,1,1
9.3,0.2593,0,1,1,1,0.8025,1,0,1,1
6.26,0.0136,0,1,1,3,0.7738,2,2,2,1
5.65,0.0119,1,0,1,1,0.7269,3,1,2,0
6.38,0.0424,1,0,1,2,0.6716,1,1,1,1
7.24,0.0014,1,1,1,2,0.4311,4,1,2,1
8.46,0.0757,1,0,0,3,0.8302,3,0,1,1
6.51,0.3974,0,0,1,2,0.116,4,2,1,1
7.86,0.2936,0,0,1,2,0.6584,5,0,2,0
10.0,0.6176,0,1,1,1,0.7603,3,0,1,1
7.34,0.0109,0,0,1,1,0.5274,1,3,1,0
7.19,0.2734,0,1,0,1,0.3694,0,2,0,1
3.16,0.1485,0,1,1,0,0.5407,4,1,1,0
0.71,0.2377,1,0,1,2,0.3606,5,0,2,1
7.35,0.0011,0,0,1,1,0.6786,1,0,2,0
6.29,0.3375,0,1,0,1,0.7864,3,2,0,1
5.37,0.148,0,1,1,1,0.6617,1,2,1,0
7.04,0.1473,0,0,1,0,0.6468,3,1,1,0
6.37,0.2066,1,0,0,0,0.7401,2,0,3,1
8.98,0.2228,0,0,1,1,0.769,3,4,1,1
6.69,0.0993,0,0,0,0,0.3554,2,2,1,0
4.86,0.0702,1,0,1,1,0.1655,1,1,0,0
8.68,0.0817,0,1,1,0,0.6195,2,0,1,0
6.02,0.0873,0,1,1,3,0.7811,6,0,2,1
7.66,0.0441,0,1,1,3,0.1548,2,1,2,1
5.45,0.5158,0,0,1,1,0.5672,3,0,1,1
5.07,0.0004,0,0,1,1,0.8321,1,2,2,0
6.69,0.0011,1,0,1,0,0.5209,2,3,1,1
6.53,0.3658,1,1,1,3,0.9303,1,4,3,1
7.56,0.2413,0,0,1,1,0.8835,0,0,2,0
5.91,0.0429,0,1,1,2,0.5043,2,2,0,1
2.46,0.1241,1,1,1,2,0.4581,4,0,1,1
5.55,0.2783,0,1,1,3,0.4627,3,1,2,1
8.25,0.0211,1,0,1,2,0.5837,3,2,1,1
5.85,0.2404,0,1,1,2,0.2566,4,1,3,1
5.96,0.4346,0,0,1,2,0.2104,2,3,2,1
8.67,0.2107,0,1,1,2,0.0,2,3,2,1
4.93,0.428,0,0,0,1,0.5447,4,3,0,1
3.11,0.0207,0,0,1,3,1.0,2,1,0,0
6.15,0.6189,0,0,1,2,0.0524,3,2,2,1
5.43,0.1663,0,0,0,1,0.504,2,3,2,0
4.37,0.1248,0,1,1,1,0.4964,4,1,0,0
6.11,0.4714,0,0,0,2,0.512,2,1,2,1
7.58,0.0121,0,1,1,1,0.8642,2,0,2,0
6.48,0.6384,0,0,0,2,0.3279,3,0,1,1
7.18,0.3243,1,0,1,0,0.0634,1,2,2,1
10.0,0.398,1,0,1,3,0.4164,0,1,1,1
5.75,0.036,1,0,1,1,0.383,3,2,0,1
7.11,0.3288,0,1,0,0,0.0,1,2,0,1
5.38,0.1845,0,0,1,2,0.6114,3,1,2,0
4.64,0.0771,0,1,1,1,0.2535,4,1,1,0
5.21,0.0513,0,0,1,2,0.5292,3,2,2,0
5.45,0.2263,0,0,0,1,0.4593,0,3,2,1
7.29,0.5694,1,0,1,3,0.2815,6,1,1,1
10.0,0.0254,0,1,1,1,0.7727,3,2,0,1
4.92,0.0538,0,1,0,0,0.4796,1,1,2,1
5.58,0.4872,0,0,0,3,0.5636,4,2,1,1
6.36,0.2251,0,0,1,0,0.6966,4,1,0,1
7.37,0.0235,1,1,1,3,0.6221,2,1,0,1
7.08,0.0028,0,1,1,2,0.5863,2,1,0,1
9.33,0.1221,0,0,1,0,0.344,2,1,0,0
1.16,0.589,0,1,1,1,0.2719,4,2,1,1
1.25,0.0036,0,0,1,0,0.5895,0,0,1,0
5.41,0.1106,0,0,0,1,0.3095,4,1,1,0
8.91,0.0111,0,1,0,1,0.7486,3,0,2,1
3.06,0.1572,0,1,0,1,0.5176,0,1,1,0
0.0,0.2115,0,1,0,3,0.7122,1,0,2,0
7.76,0.1719,0,0,1,0,0.3036,3,0,2,0
7.04,0.015,1,0,0,1,0.2647,5,2,1,1
4.1,0.1441,0,1,1,1,0.9697,3,4,2,0
4.33,0.019,0,1,1,0,0.5126,2,2,0,0
4.37,0.1028,0,1,1,2,0.7783,2,0,1,0
6.74,0.0671,0,0,1,1,0.197,1,0,2,0
5.12,0.0088,0,0,0,3,0.4792,0,0,3,1
7.59,0.0484,0,0,1,2,0.8756,4,1,2,1
0.22,0.0122,1,0,0,1,0.1588,3,3,1,1
4.61,0.0544,0,0,1,2,1.0,4,0,1,0
4.02,0.01,0,0,1,2,0.6006,4,0,1,0
5.94,0.3292,0,1,1,2,0.3453,5,3,2,1
5.32,0.2413,0,1,1,1,0.638,2,3,1,1
8.26,0.1466,0,1,1,1,0.8273,3,3,1,1
2.41,0.0008,0,1,1,1,0.3436,3,1,2,0
6.6,0.1156,0,0,0,1,0.3795,3,4,1,1
7.73,0.1299,0,1,0,1,0.6123,6,2,2,1
10.0,0.0012,0,1,1,2,0.6658,3,1,2,0
5.44,0.0547,0,1,1,0,0.5004,0,1,2,0
7.21,0.0998,0,0,1,1,0.6506,2,1,0,0
2.53,0.0006,1,0,0,0,0.7634,3,1,0,1
1.24,0.1383,0,1,1,0,0.5933,2,1,3,0
8.36,0.04,0,1,0,1,0.3771,4,1,0,1
6.49,0.007,0,1,1,2,0.5448,2,1,1,1
9.09,0.0878,0,1,0,3,0.9891,2,2,1,1
3.48,0.0027,1,0,0,1,0.6333,1,2,2,1
7.64,0.0112,0,1,1,1,0.8601,3,1,0,0
10.0,0.0711,0,1,1,2,0.4214,3,0,0,1
7.42,0.1993,0,1,0,0,0.6157,1,0,1,0
7.11,0.1783,0,1,1,0,0.7486,2,2,1,0
6.52,0.4009,0,0,0,1,0.9244,2,1,2,0
3.04,0.3769,0,1,1,1,0.8569,1,0,2,0
9.48,0.0103,0,0,1,2,0.2702,1,3,1,0
5.16,0.0791,1,1,1,3,0.838,4,1,2,1
7.61,0.3166,0,1,1,1,0.9715,1,1,2,1
3.06,0.013,0,1,0,1,0.4063,0,0,1,1
3.91,0.0015,0,1,0,1,0.3264,2,1,0,0
9.66,0.335,0,0,1,1,0.5439,0,1,2,0
5.74,0.2215,0,0,1,3,0.5949,0,0,2,0
9.7,0.3245,0,1,1,1,0.4625,5,2,2,1
6.33,0.1021,0,0,0,1,0.2533,2,0,1,1
2.45,0.1763,0,0,1,1,0.9181,2,0,1,0
8.46,0.145,0,1,1,1,0.335,6,1,1,1
5.2,0.0631,0,0,0,1,0.4233,3,1,1,0
8.04,0.3708,0,0,1,1,0.5773,1,0,1,0
6.56,0.5,1,0,1,2,0.1819,3,2,2,1
3.11,0.0947,0,0,1,1,0.1628,3,1,1,0
6.86,0.114,0,0,1,2,0.4421,2,1,0,1
10.0,0.06,1,0,1,2,0.7564,1,0,2,0
7.58,0.4298,0,1,0,2,0.597,1,0,1,1
6.37,0.0612,0,0,1,1,0.0352,2,0,1,1
8.87,0.1324,0,0,1,2,0.8974,3,2,0,0
6.96,0.0378,0,0,1,2,0.7494,2,1,1,0
6.96,0.2547,0,1,0,0,0.5978,5,1,1,1
4.1,0.3231,0,0,1,2,0.591,4,5,0,0
7.01,0.5545,0,0,1,0,0.7184,1,2,0,0
8.78,0.3734,0,1,1,2,1.0,3,1,1,1
4.66,0.0438,0,0,1,0,0.7701,3,0,2,0
9.63,0.0366,0,0,0,2,0.624,2,1,3,1
6.3,0.2089,1,1,1,0,0.2432,3,0,0,0
4.55,0.1648,0,0,1,1,0.5911,1,1,2,0
8.69,0.0027,0,0,0,0,0.7433,1,5,1,1
5.87,0.4058,0,0,0,1,0.5212,3,0,0,0
8.17,0.0017,0,1,1,3,0.4193,1,0,1,0
5.86,0.0002,1,1,1,0,0.6884,2,1,1,1
6.37,0.6224,0,0,1,1,0.303,2,0,2,0
7.59,0.0111,0,0,1,2,0.767,1,0,0,0
7.14,0.0908,0,0,0,0,0.4411,1,0,3,0
2.11,0.0049,0,1,1,0,0.0194,2,0,0,0
4.03,0.0526,0,0,1,0,0.4363,1,2,1,0
8.54,0.0604,0,0,1,2,0.5357,3,0,1,0
6.21,0.1648,0,1,1,3,0.6881,3,0,3,1
5.35,0.0396,0,0,0,2,0.6593,5,1,3,1
3.51,0.6091,0,0,1,3,0.2274,4,2,0,1
4.12,0.0722,0,1,0,1,0.5805,6,2,1,1
2.05,0.0334,0,1,0,3,0.4165,3,2,1,1
6.28,0.1908,0,1,1,1,0.4599,1,0,2,0
5.18,0.7115,0,1,0,1,0.3004,6,2,2,1
4.37,0.4023,0,0,1,1,0.5373,0,1,1,0
6.35,0.1475,0,0,0,0,1.0,3,2,1,0
7.3,0.7118,0,0,1,2,1.0,6,1,0,0
10.0,0.1618,0,0,0,0,0.3003,4,0,2,1
3.17,0.0038,0,0,1,2,0.5665,5,0,1,0
9.05,0.088,0,0,0,1,0.4715,2,2,2,1
8.64,0.3066,0,0,1,0,0.5855,2,2,1,0
4.79,0.0152,0,0,1,1,0.7791,2,0,2,0
6.95,0.2998,0,0,1,1,0.5177,1,0,0,0
5.49,0.0,1,0,1,3,0.3719,3,0,2,0
6.91,0.1513,0,1,0,2,0.8391,2,2,2,1
9.82,0.2436,0,0,0,1,0.2415,0,1,1,1
7.83,0.0037,1,0,0,0,0.5973,3,0,0,1
7.62,0.0181,0,1,1,1,0.1785,1,0,1,0
5.55,0.4455,0,1,1,0,0.2935,3,1,2,1
3.24,0.1808,0,0,0,2,0.7362,3,4,1,0
6.04,0.0312,0,0,1,0,0.3802,3,1,1,0
9.15,0.0189,0,1,1,1,0.0809,1,4,3,1
3.14,0.031,0,0,0,2,0.3693,0,1,2,0
4.18,0.0338,1,0,1,1,0.3426,7,2,2,1
6.78,0.0807,0,1,1,2,0.2344,0,0,2,0
4.33,0.1435,0,0,1,2,0.6875,3,1,1,0
4.76,0.0183,0,0,1,0,0.1633,3,0,2,1
5.57,0.1734,1,0,0,2,0.403,0,3,1,1
3.5,0.1175,0,0,1,2,0.5834,3,2,2,0
4.36,0.2325,0,1,1,1,0.4643,1,1,1,1
8.05,0.4349,0,0,1,0,0.449,8,3,3,1
3.62,0.0016,0,0,1,1,0.3693,3,1,2,0
2.98,0.2533,0,1,1,3,0.2453,1,0,0,1
5.11,0.0644,0,0,0,1,0.3908,2,2,1,1
8.11,0.0236,0,0,1,0,0.7144,1,1,2,0
6.07,0.2116,0,0,1,0,0.4415,5,1,0,1
5.48,0.0322,0,0,0,0,0.5917,0,1,1,0
6.6,0.1665,0,1,1,0,0.8293,1,0,1,0
2.66,0.0023,0,0,0,1,0.7,2,4,1,0
7.59,0.0557,0,0,1,1,0.2309,3,0,2,0
7.34,0.0338,0,1,1,2,0.662,2,1,2,1
5.6,0.0121,0,0,0,2,0.8119,6,2,3,1
8.71,0.0477,1,0,0,1,0.4045,3,1,0,1
4.02,0.0033,0,0,1,2,0.1536,4,0,0,0
8.98,0.0006,0,0,1,1,0.4398,2,1,1,0
6.84,0.3326,0,0,0,2,0.597,4,2,2,1
5.76,0.006,0,0,1,0,0.6981,1,3,1,0
6.46,0.0299,0,0,1,0,0.4198,2,3,1,1
6.26,0.0024,0,0,0,0,0.0411,2,0,1,0
9.18,0.1445,0,0,1,1,0.2309,2,1,1,0
4.13,0.0108,0,1,0,2,0.64,1,1,1,0
4.82,0.0569,0,1,0,0,1.0,3,0,1,0
8.78,0.4438,0,0,1,0,0.5445,3,1,2,0
5.19,0.0654,0,1,0,3,0.8782,3,0,2,1
8.48,0.0006,1,1,1,2,0.2858,2,1,1,1
10.0,0.1392,1,1,1,1,0.3881,3,2,2,1
5.62,0.1634,1,0,1,0,0.0,3,0,1,1
8.0,0.0044,0,1,0,2,0.6424,5,0,2,1
3.96,0.0114,0,1,0,0,0.3266,2,2,1,1
8.16,0.3673,0,0,0,2,0.6998,1,1,1,0
6.94,0.1286,0,1,1,2,0.4244,3,3,1,1
7.54,0.3837,0,1,1,1,1.0,1,1,1,0
5.08,0.0266,1,0,0,3,0.9983,3,1,1,0
2.85,0.1485,0,0,1,0,0.0,1,0,0,0
7.61,0.0024,0,0,0,2,0.6978,7,0,2,0
1.96,0.225,0,0,0,1,0.3642,2,0,3,0
5.8,0.5616,0,0,0,2,0.7117,4,1,2,1
8.57,0.3028,0,0,1,3,0.2141,1,1,1,0
6.92,0.2076,0,1,0,1,0.9103,2,0,2,1
10.0,0.0969,1,1,1,2,0.8077,1,2,3,1
8.76,0.149,0,0,0,0,0.1966,0,0,1,1
5.06,0.0263,0,0,1,2,0.5047,0,0,1,0
6.56,0.0055,0,0,1,2,0.5906,7,1,1,0
6.4,0.1496,0,1,0,3,0.7298,2,1,0,1
3.02,0.0473,0,0,1,3,0.547,3,0,1,0
4.43,0.021,0,1,1,1,0.7466,2,3,0,0
5.27,0.669,0,0,0,1,0.5323,3,3,2,0
2.02,0.0722,0,0,1,3,0.7029,5,2,2,1
6.6,0.0014,0,0,1,2,0.208,1,0,1,1
5.95,0.049,0,0,1,1,0.5435,1,1,1,0
2.82,0.317,1,1,1,0,0.8375,0,0,1,0
7.39,0.7016,0,0,1,1,0.9028,2,0,2,0
8.07,0.2497,0,0,1,2,0.5933,2,0,2,1
7.0,0.0524,1,1,0,2,0.5252,2,1,0,1
5.79,0.0834,0,0,1,1,0.892,4,1,2,0
7.8,0.1294,0,0,1,0,0.5248,0,0,2,0
8.0,0.3335,0,1,1,2,0.8361,4,1,0,1
7.18,0.1004,0,0,0,3,0.5233,4,2,2,1
4.69,0.0216,0,1,1,1,0.56,0,0,1,0
7.11,0.0078,0,1,1,3,0.2738,4,2,1,1
9.13,0.0601,0,0,1,1,0.2377,5,2,1,1
5.19,0.021,0,0,1,2,0.7945,3,0,1,0
10.0,0.2308,1,0,1,2,0.9807,1,0,1,0
5.34,0.0643,0,0,1,3,0.5764,5,1,3,1
6.57,0.2524,0,1,1,2,0.5085,2,1,1,1
5.02,0.1025,0,0,0,1,0.8057,5,1,2,0
6.99,0.5918,0,0,1,3,0.6343,4,2,1,1
2.67,0.1148,0,0,0,2,0.0,3,1,2,1
5.3,0.0261,0,0,0,0,0.7984,3,0,0,0
4.1,0.4882,0,1,0,0,0.2158,2,0,0,1
6.8,0.0293,0,1,1,1,0.5471,5,2,3,1
8.69,0.7439,0,1,1,2,0.4396,2,2,1,0
7.92,0.1891,0,1,1,2,0.3898,2,1,3,1
1.28,0.0692,0,0,1,1,0.5617,3,0,1,0
10.0,0.0002,0,0,1,0,0.7734,1,0,2,1
7.15,0.002,0,0,0,1,0.5578,2,1,2,0
4.79,0.0369,0,1,1,0,0.9025,3,1,3,0
6.85,0.2746,0,0,0,1,0.9335,4,2,0,1
6.89,0.1032,0,1,1,3,0.9312,2,1,0,1
5.03,0.3848,0,1,1,2,0.536,1,0,1,0
6.94,0.106,0,1,0,1,0.4304,4,1,0,1
5.16,0.111,0,0,1,1,0.5416,1,3,2,1
5.61,0.4627,0,0,0,1,0.8313,3,0,3,0
4.99,0.2644,0,0,0,0,0.8163,1,1,2,0
3.35,0.2209,1,0,1,3,0.0,3,1,1,1
6.82,0.0509,0,1,1,1,0.6265,4,1,2,0
7.79,0.4471,0,1,0,1,0.0,1,0,2,1
7.63,0.1805,0,1,1,2,0.5452,3,1,0,0
8.3,0.2097,1,0,1,0,0.4177,0,1,1,0
7.21,0.0176,0,0,1,1,0.3408,0,0,2,0
5.33,0.0475,0,1,0,0,0.7623,2,0,1,0
8.35,0.1021,0,0,0,1,0.3882,1,1,2,1
3.51,0.2989,0,1,0,0,0.5476,2,5,0,0
4.52,0.1629,0,1,1,3,0.3169,1,1,2,1
4.38,0.1659,1,0,1,2,0.5684,1,2,1,1
8.88,0.0587,0,1,1,2,0.7899,1,2,2,1
8.57,0.3373,0,1,0,2,0.3305,3,1,1,1
7.57,0.0079,1,0,0,2,0.71,1,1,1,1
8.86,0.1718,0,0,1,1,0.5641,0,1,1,0
4.57,0.0088,0,0,1,2,0.5618,2,0,1,0
7.27,0.1874,1,0,1,0,0.4624,3,1,2,1
6.22,0.1033,1,1,1,0,0.7434,2,2,1,1
8.36,0.4182,0,0,1,2,0.7177,4,2,2,0
6.25,0.12,0,1,0,2,0.5166,5,1,1,1
5.65,0.0015,0,0,0,0,0.6007,1,1,1,1
7.69,0.442,0,1,0,1,0.7357,2,0,2,1
8.43,0.6499,0,1,1,0,0.6854,3,1,1,1
5.03,0.1166,0,1,1,2,0.4733,1,0,1,1
6.37,0.4216,0,0,1,3,0.8414,2,2,1,1
4.17,0.5134,0,0,1,2,0.766,4,1,2,0
1.0,0.0045,0,0,1,2,1.0,1,1,0,0
6.94,0.2589,0,0,1,1,0.1576,3,1,1,0
7.84,0.0036,0,0,0,0,0.7255,2,0,1,1
7.08,0.2736,0,1,0,2,0.838,0,3,1,0
2.21,0.716,0,0,1,1,0.8013,5,2,0,0
5.73,0.1381,0,0,1,1,0.4868,6,2,1,0
1.62,0.1154,1,0,1,2,0.2092,4,0,2,1
9.51,0.0024,1,1,0,3,0.9349,2,2,2,1
4.11,0.5893,0,0,0,1,0.4296,0,1,2,0
9.26,0.0001,0,0,1,3,0.4761,4,0,0,0
8.58,0.1455,0,1,1,1,1.0,2,0,1,1
4.52,0.1791,0,0,0,0,0.2317,5,0,1,0
4.01,0.4133,0,1,1,1,0.7547,3,1,2,1
7.27,0.1673,0,1,1,2,0.3616,1,2,2,1
4.64,0.0146,0,0,1,1,0.3561,4,0,1,0
6.73,0.214,0,0,1,2,0.5919,3,2,1,0
5.44,0.0515,0,1,1,1,0.7191,0,0,2,0
2.58,0.0,0,0,0,1,0.7876,2,0,2,0
1.59,0.1239,1,0,1,1,0.8204,1,4,1,0
7.0,0.0882,0,0,0,1,0.3734,3,3,0,1
5.26,0.0007,0,0,0,1,0.2641,5,0,1,0
5.28,0.0141,0,0,0,1,0.4643,2,0,2,0
8.03,0.0118,1,1,1,2,0.6369,2,0,1,1
9.08,0.0004,0,1,1,2,0.4986,3,4,2,1
5.9,0.3648,1,0,1,0,0.0,0,2,1,1
5.75,0.0744,1,0,1,1,0.0932,2,1,3,1
7.6,0.1649,0,0,1,1,0.4899,3,0,1,0
3.51,0.5696,0,1,0,1,0.7638,3,1,1,0
6.99,0.1759,0,0,1,2,0.3238,3,2,0,0
7.71,0.27,0,0,1,1,0.7333,1,4,2,1
8.0,0.1066,0,1,1,3,0.176,3,2,1,1
2.24,0.4157,0,0,0,3,0.6139,1,0,2,0
4.83,0.0002,0,0,1,0,0.6157,0,1,0,0
4.57,0.0844,0,0,0,2,0.6672,5,1,2,1
6.72,0.004,0,1,0,0,0.2979,2,3,3,1
7.56,0.1153,0,1,1,0,0.1631,5,0,1,1
9.79,0.1361,0,1,0,3,0.7315,3,1,1,1
5.41,0.2007,0,0,1,2,0.1685,4,1,2,1
5.41,0.0695,0,0,1,1,0.3573,2,0,3,0
9.03,0.043,0,1,0,2,0.8979,0,1,1,1
7.15,0.1021,1,1,1,2,0.5925,4,1,0,1
9.29,0.0371,0,0,1,2,0.6422,4,2,1,0
7.14,0.0002,0,0,0,0,0.7062,7,1,1,0
3.95,0.0608,0,1,1,2,0.6973,3,2,2,0
3.57,0.0533,0,0,1,2,0.5447,4,0,1,0
3.09,0.2792,0,0,1,1,0.3246,2,1,3,0
7.96,0.1532,0,0,1,1,1.0,3,0,2,0
9.11,0.396,0,1,0,0,0.4768,5,1,1,1
10.0,0.1999,1,1,1,1,0.6328,1,0,1,1
8.35,0.1553,0,0,1,1,0.66,0,2,1,0
9.06,0.1766,0,1,1,2,0.4168,5,1,0,1
5.22,0.369,0,0,0,2,0.4436,0,0,2,1
3.96,0.0013,0,0,0,1,0.9221,5,1,2,1
8.37,0.416,0,0,0,2,0.3653,2,2,1,0
7.42,0.0453,1,0,0,2,0.6531,2,1,2,0
6.74,0.0136,0,1,1,1,0.774,1,1,0,1
7.35,0.0987,1,0,0,1,0.4965,3,2,3,1
7.21,0.3764,0,0,0,1,0.5265,3,0,0,0
9.32,0.2907,0,1,1,0,0.7892,4,0,1,1
9.35,0.1316,1,0,1,0,0.5157,3,0,3,1
7.7,0.2067,0,0,1,0,0.0307,4,0,1,0
8.36,0.0087,0,0,0,2,0.926,3,0,2,1
7.63,0.1809,0,1,1,0,0.3061,2,1,1,1
5.49,0.0712,0,0,1,1,0.6039,3,2,0,1
8.16,0.0029,0,0,1,3,0.2206,2,0,0,0
3.43,0.0869,0,0,1,2,0.4223,2,2,3,1
8.82,0.0576,0,1,1,2,0.4409,1,0,0,1
3.87,0.0439,0,1,0,1,0.5935,3,1,2,1
7.13,0.1559,1,0,0,2,0.3307,1,0,1,1
4.64,0.3849,0,1,1,1,1.0,2,2,2,1
7.72,0.0286,0,1,0,2,0.5561,5,0,1,1
6.43,0.0377,1,1,1,1,0.7703,1,0,0,1
2.99,0.0005,0,1,1,1,0.5478,1,0,2,0
7.43,0.002,0,0,1,3,0.7993,2,2,1,0
5.23,0.2901,0,1,1,1,0.0248,3,1,1,0
8.44,0.0125,0,1,1,1,0.3738,4,1,1,0
6.5,0.0038,0,0,0,1,0.4196,1,2,2,0
7.37,0.0,0,0,0,1,0.4175,3,0,0,0
4.39,0.269,0,0,1,0,0.6797,2,0,0,0
5.2,0.0832,0,1,1,2,0.6968,0,2,0,0
5.49,0.0539,0,1,1,1,0.5315,2,1,0,0
8.38,0.6115,0,0,0,1,0.5377,2,2,2,0
10.0,0.0466,0,1,0,2,1.0,1,1,2,1
4.73,0.1139,0,1,0,2,0.6311,2,0,0,0
8.87,0.2132,0,1,0,3,0.0,3,1,2,1
1.73,0.2393,0,0,1,0,0.7425,1,1,2,0
3.87,0.227,0,0,0,1,0.6899,3,0,1,0
4.39,0.1258,0,1,1,0,0.8398,1,0,0,0
3.52,0.0004,0,0,1,2,0.6996,1,2,2,0
3.02,0.4082,0,0,1,1,0.3238,1,0,2,0
7.41,0.0305,0,0,1,2,0.7725,3,0,1,0
6.03,0.2801,0,1,1,3,0.5748,3,1,1,1
7.33,0.7186,0,0,1,1,0.8115,3,2,2,0
8.02,0.1854,0,0,1,0,0.937,4,0,1,0
7.08,0.1978,0,0,0,1,0.5195,2,0,1,1
7.95,0.0785,1,0,1,0,0.7689,1,0,2,0
6.35,0.279,0,1,1,2,0.8084,2,0,2,1
3.89,0.0005,0,0,1,0,0.5897,1,0,3,0
8.83,0.0011,0,0,1,1,1.0,5,1,1,0
5.2,0.2939,0,0,1,0,0.8114,3,1,1,0
4.44,0.174,0,0,1,0,0.4037,8,2,1,0
6.11,0.1205,1,1,1,1,0.615,6,1,1,1
4.49,0.25,0,1,1,1,0.765,1,0,3,1
5.58,0.1198,0,0,1,0,1.0,3,1,3,0
7.26,0.069,0,0,1,2,0.7052,4,3,1,0
7.27,0.078,0,0,0,2,0.6224,3,1,1,1
4.52,0.1157,0,0,1,3,0.866,2,2,1,0
5.43,0.0216,0,1,1,2,0.4951,1,2,2,1
8.86,0.1849,0,0,1,1,0.3025,3,0,1,1
7.59,0.0909,0,1,1,2,0.7259,1,1,1,0
10.0,0.0162,0,1,1,1,0.4555,5,0,2,1
9.1,0.059,0,0,0,1,1.0,6,2,3,1
9.02,0.1185,0,1,0,1,0.6132,4,0,2,0
3.45,0.7175,0,1,1,1,0.7275,3,1,1,1
8.18,0.3091,0,0,1,2,0.3929,4,1,2,1
6.38,0.1169,0,1,1,1,0.8662,1,2,3,0
5.29,0.1037,0,1,0,1,0.5433,5,0,2,0
6.87,0.0105,0,0,1,1,0.5189,1,1,1,0
8.58,0.0306,0,1,0,2,0.5249,0,0,0,0
7.6,0.0605,0,1,0,0,0.2271,2,0,1,0
4.57,0.5258,0,0,0,1,0.4874,2,1,1,0
8.13,0.1231,0,0,1,2,0.6865,3,2,3,1
5.1,0.0506,0,1,0,0,0.1637,1,0,2,0
6.98,0.0687,0,0,0,3,0.8054,1,0,1,0
5.83,0.1284,0,0,1,2,0.4829,0,0,2,0
6.02,0.8818,0,0,0,1,0.6112,2,1,0,1
8.19,0.0029,0,0,1,2,0.0,2,0,1,0
4.21,0.6146,0,1,1,3,0.6062,3,2,2,1
10.0,0.1762,1,0,1,1,0.2892,2,2,1,0
2.49,0.0035,0,0,1,0,0.4621,5,1,0,0
5.19,0.0978,0,1,1,2,0.1581,3,1,1,1
7.31,0.0002,0,1,1,0,0.3295,0,2,2,0
7.79,0.0325,0,1,1,1,0.5091,4,0,2,1
6.28,0.0529,0,0,1,2,0.4821,4,1,1,0
6.37,0.0013,0,1,1,1,0.7711,1,2,1,1
7.4,0.0096,0,1,1,2,0.083,0,0,1,0
5.99,0.8192,0,0,1,1,0.5372,2,1,0,0
9.56,0.1518,0,1,1,2,0.5252,3,0,1,1
8.35,0.0817,0,0,0,1,0.4355,1,0,1,0
8.42,0.482,0,0,1,1,0.3217,6,3,1,1
4.37,0.2543,0,1,1,1,0.8255,1,0,1,0
6.33,0.1701,0,0,0,1,1.0,5,0,2,1
5.84,0.099,0,1,1,1,0.1215,1,0,1,1
4.29,0.0002,0,0,0,1,0.319,5,1,2,0
7.29,0.0626,0,1,0,3,0.2989,3,0,2,1
5.32,0.0712,0,0,1,1,0.4796,0,1,1,0
7.94,0.0735,0,0,0,1,0.864,3,1,0,1
4.15,0.3767,0,0,1,1,0.6819,2,2,2,0
10.0,0.0056,0,0,0,3,0.5115,3,4,1,1
4.53,0.4273,0,1,1,2,0.5541,5,0,1,1
6.98,0.3991,0,1,1,2,0.4702,1,1,2,1
8.24,0.2182,0,0,1,1,0.7347,2,1,1,0
5.24,0.6181,0,0,1,1,0.7651,1,1,1,0
8.38,0.1985,0,0,0,0,0.6978,1,1,0,0
3.8,0.0034,1,1,1,2,0.0009,3,0,1,1
9.69,0.0011,0,0,1,1,0.5533,1,0,3,0
6.53,0.0807,0,0,1,2,0.5034,0,1,3,0
5.19,0.2278,0,0,1,1,0.7978,2,0,3,0
5.84,0.0236,1,0,1,1,0.6098,5,2,1,0
8.28,0.5861,0,0,1,1,0.6892,2,1,1,1
5.21,0.0035,0,0,1,0,0.4262,3,2,1,0
4.85,0.0147,0,0,1,0,0.7848,4,1,1,0
6.01,0.0521,0,0,0,1,0.8585,2,2,0,0
3.91,0.0132,0,0,1,1,0.1433,4,1,1,0
10.0,0.2835,1,0,0,2,0.226,4,1,1,1
5.25,0.0138,0,0,1,1,0.7406,2,3,0,0
8.33,0.4781,1,0,0,1,0.5069,2,1,3,1
6.96,0.4536,0,1,1,1,0.8072,2,1,1,0
4.33,0.0828,1,1,1,1,0.6105,3,0,1,1
6.49,0.3527,0,1,0,0,0.7232,4,1,1,1
8.22,0.3092,0,0,1,1,0.3632,4,1,1,0
6.09,0.039,0,1,1,1,0.6349,3,1,2,1
9.12,0.1428,0,0,1,1,0.6357,4,2,0,0
8.75,0.0533,0,0,1,2,0.3778,2,1,1,0
8.52,0.208,0,0,0,1,0.8004,2,1,2,1
5.49,0.1607,0,0,1,1,0.0762,4,1,1,1
4.12,0.0012,0,0,1,1,0.6019,4,1,1,0
5.15,0.3095,0,0,1,0,0.2265,2,2,1,0
6.93,0.1755,0,0,1,1,0.2944,2,1,2,0
7.7,0.0123,0,1,0,1,0.7965,4,0,0,0
1.72,0.2642,0,1,1,1,0.275,1,0,2,1
6.48,0.1524,0,1,0,2,0.2645,1,2,0,0
6.85,0.0885,0,0,1,1,0.6951,2,1,1,0
5.89,0.136,0,1,1,2,0.2723,2,1,1,1
9.34,0.2983,0,1,0,2,0.8046,1,1,1,1
7.43,0.458,0,1,1,2,0.7112,4,1,1,1
9.38,0.1443,0,0,1,3,0.3556,4,3,2,1
6.02,0.3231,0,1,1,0,0.7951,1,0,1,0
8.56,0.0642,0,0,1,0,0.0654,5,1,1,0
10.0,0.0303,0,0,0,2,0.6681,2,0,2,1
9.39,0.0892,0,0,0,1,0.2384,0,0,1,0
4.1,0.0428,1,1,0,3,0.4192,3,2,3,1
5.94,0.3195,0,0,0,1,0.4353,4,0,2,1
5.74,0.199,0,0,1,0,0.8703,1,1,2,0
7.58,0.0024,0,1,1,1,0.4247,5,0,1,1
8.01,0.1952,0,0,0,1,0.5303,4,1,2,0
4.65,0.4786,0,1,1,1,0.4405,1,0,2,0
6.65,0.2425,0,1,1,3,0.3043,2,2,1,0
2.06,0.4413,0,0,1,0,0.2924,5,0,2,0
9.67,0.0654,0,0,0,1,0.6272,2,1,1,1
5.37,0.0622,0,0,1,1,0.5434,2,2,0,0
6.62,0.6179,0,1,1,1,0.7406,4,3,3,1
5.82,0.3526,0,1,1,1,0.4895,3,0,1,1
9.02,0.0955,0,0,0,0,0.4976,1,2,1,0
0.26,0.0003,0,0,1,0,0.7414,2,2,1,0
6.46,0.0239,0,0,1,3,0.457,2,1,0,0
6.27,0.1075,0,1,1,2,0.1901,4,0,2,1
5.5,0.0843,0,0,0,2,0.7619,3,1,2,0
10.0,0.2603,0,0,1,0,0.3807,2,0,2,0
4.55,0.4278,0,1,1,0,0.5667,2,0,1,1
8.2,0.035,0,0,0,2,0.3934,5,2,2,1
7.28,0.166,0,0,1,2,0.3069,5,2,2,0
9.28,0.0091,0,1,1,1,0.0753,0,1,1,1
5.03,0.0997,0,0,1,1,0.6348,2,1,0,0
4.89,0.168,0,0,1,1,0.0,1,0,2,0
8.91,0.0576,0,1,0,0,0.8746,1,1,1,1
7.44,0.0121,0,0,0,2,0.808,1,3,2,1
3.1,0.0222,1,1,0,1,0.3226,2,0,2,1
5.31,0.1015,0,1,0,1,0.9471,4,2,2,0
7.35,0.0544,0,1,0,2,1.0,2,1,1,1
8.34,0.0093,0,1,1,0,0.4817,1,0,1,0
5.01,0.2577,0,1,1,2,0.6527,3,1,1,1
0.09,0.1853,0,0,1,2,0.5841,2,0,1,0
7.65,0.1867,0,0,1,0,0.9284,4,1,2,0
3.82,0.0404,0,0,0,1,0.2018,1,0,0,0
2.06,0.0859,1,1,1,1,0.4932,2,0,1,0
0.27,0.1226,0,0,1,0,0.7798,1,2,1,0
8.29,0.0007,0,0,1,2,0.7534,1,0,3,0
6.78,0.0817,1,1,1,2,0.5393,3,0,2,1
6.0,0.567,0,0,0,2,0.8981,2,1,1,0
9.56,0.3276,0,1,1,2,0.6084,2,2,2,1
7.9,0.5344,1,0,1,1,0.5784,5,1,2,1
10.0,0.0378,0,0,1,2,0.7243,4,2,0,0
3.44,0.1334,0,0,0,2,0.5348,0,1,3,0
6.42,0.3373,0,0,1,0,0.5626,3,0,2,0
2.94,0.0856,0,0,0,3,0.3532,1,1,2,0
6.0,0.2172,0,0,1,1,1.0,5,0,2,1
5.95,0.0178,0,0,0,2,0.4316,2,4,1,1
7.88,0.0014,0,1,1,2,0.7323,2,2,0,1
6.6,0.0265,0,0,1,1,1.0,2,0,1,0
7.87,0.0001,0,1,1,0,0.2143,2,3,2,0
8.05,0.0222,1,1,1,1,0.7028,3,2,1,1
10.0,0.1006,0,0,1,1,0.5558,1,1,1,0
5.81,0.1455,1,0,0,1,0.9987,3,0,1,1
4.43,0.0025,0,0,1,1,0.3227,2,0,2,0
7.04,0.01,0,1,1,1,0.3619,4,1,1,1
4.73,0.5398,0,1,1,1,0.5375,1,1,2,1
9.76,0.0082,1,0,0,0,0.4266,2,2,0,1
5.88,0.0476,0,0,0,1,0.4352,4,1,1,0
5.26,0.1205,0,1,1,2,1.0,2,0,0,0
5.46,0.0223,0,1,1,2,0.5818,4,1,2,0
8.08,0.0698,0,0,0,0,0.3538,5,1,1,1
6.15,0.14,1,0,0,1,0.4525,1,3,1,1
5.09,0.1562,0,0,1,3,0.6512,2,0,3,0
10.0,0.0101,1,1,0,1,0.6343,2,0,0,0
4.62,0.1263,0,1,1,2,0.4057,5,1,1,1
6.58,0.0052,1,0,1,1,0.143,7,0,1,1
7.94,0.0695,0,0,1,0,0.5374,1,1,2,0
2.91,0.0809,0,1,1,2,0.5306,2,1,2,1
7.56,0.2014,0,1,0,3,0.3885,1,1,3,1
4.18,0.1487,0,0,1,2,0.8699,2,0,2,0
8.31,0.2144,0,0,1,2,0.6936,5,0,1,0
4.38,0.3005,0,0,1,1,0.5837,4,1,1,0
8.02,0.5114,0,0,1,1,0.4598,4,0,2,1
8.93,0.0005,0,0,1,1,0.9833,2,0,3,0
8.4,0.4074,0,0,1,1,0.2614,0,1,3,1
7.05,0.0054,0,1,1,3,0.4259,4,1,2,1
5.99,0.0536,0,1,1,1,0.4369,3,2,2,1
5.23,0.5116,1,0,1,1,0.6247,3,0,2,1
9.74,0.0037,0,1,0,1,0.7152,2,0,2,1
4.96,0.3681,0,1,1,1,0.2159,2,1,0,1
4.22,0.0781,0,0,1,0,0.3788,3,1,1,0
7.96,0.0062,0,1,1,1,0.6619,2,1,1,0
4.75,0.0691,0,0,1,1,0.3837,1,0,2,0
4.41,0.6915,0,1,1,2,0.4496,5,2,1,1
3.32,0.0784,0,0,0,1,0.5932,3,1,1,0
5.44,0.2356,0,0,1,1,0.305,3,0,1,0
6.32,0.007,0,0,1,2,0.6194,5,1,1,1
7.03,0.0718,0,0,1,2,0.7031,0,0,0,0
8.59,0.4828,1,0,1,1,0.5596,4,2,3,1
7.66,0.0044,1,1,1,0,0.9063,3,2,3,1
6.08,0.0615,0,1,1,2,0.7314,3,3,0,0
6.06,0.1431,0,0,1,1,0.5398,1,1,1,0
7.62,0.0051,0,0,1,0,0.4696,1,0,2,0
9.3,0.7353,0,1,1,1,0.9887,2,0,2,1
6.78,0.0926,0,0,0,2,0.3846,1,0,1,0
5.47,0.0658,0,0,1,2,0.482,6,0,2,0
4.32,0.0038,0,1,0,3,0.4475,1,2,2,1
3.32,0.0252,0,1,1,1,0.6495,5,2,1,0
7.97,0.253,1,1,1,0,1.0,4,1,2,1
7.77,0.1508,1,0,0,2,0.6117,1,0,1,1
7.77,0.0374,0,0,1,1,0.4695,2,2,1,0
6.22,0.1603,0,1,0,1,0.5972,2,2,2,0
9.6,0.0001,0,1,1,0,0.2218,2,0,1,0
5.43,0.1112,1,1,1,1,0.5031,2,0,1,1
8.6,0.266,1,0,1,2,0.976,3,0,2,0
6.41,0.024,0,1,1,1,0.7155,3,2,1,1
5.16,0.4377,0,0,1,0,0.8577,3,1,0,0
7.8,0.2654,0,0,0,1,0.8033,4,1,1,1
7.4,0.5793,0,0,1,2,0.3728,2,0,2,0
7.29,0.0603,0,1,1,2,1.0,4,1,1,1
6.68,0.0564,0,0,1,2,0.106,6,0,2,0
6.42,0.001,1,0,0,0,0.6331,4,2,1,0
10.0,0.1317,0,1,0,2,0.0351,2,1,2,1
9.11,0.1376,0,0,0,0,0.1217,3,0,1,1
8.09,0.2568,0,0,1,0,0.7839,1,1,1,0
6.75,0.2112,0,1,1,0,0.3772,3,2,2,1
8.72,0.0607,0,1,1,0,0.8612,4,2,0,0
7.64,0.0959,1,0,1,2,0.0064,2,1,3,1
6.56,0.6804,0,1,1,2,0.5279,2,1,2,1
5.83,0.1073,0,0,1,2,0.246,4,1,2,0
6.32,0.0982,0,1,1,3,0.4679,0,0,1,0
0.0,0.0262,0,1,0,1,0.9371,2,3,2,0
6.96,0.1551,0,0,1,0,0.998,4,2,1,0
5.43,0.1242,0,1,1,2,0.6782,3,2,1,1
10.0,0.1779,0,0,1,2,0.1513,1,2,2,1
6.54,0.1182,0,0,1,3,0.2483,3,1,3,1
3.88,0.3805,0,1,1,1,0.59,3,0,0,0
6.39,0.5416,0,0,1,2,0.3485,1,0,0,0
4.2,0.0733,0,0,0,2,0.7145,4,2,2,0
7.54,0.0148,0,0,1,0,0.969,2,1,1,0
7.14,0.0113,0,0,1,2,0.3043,1,0,2,0
8.61,0.0217,0,1,1,0,0.3262,3,1,1,1
4.76,0.0991,0,1,1,1,0.2549,2,1,2,0
6.57,0.0553,0,0,1,2,0.4864,2,1,1,0
3.5,0.124,0,0,1,2,0.5631,2,2,0,0
8.04,0.3059,0,0,0,1,0.5554,4,0,3,1
7.64,0.0622,1,0,0,2,0.7744,2,0,2,1
7.59,0.1082,0,0,0,0,0.6482,4,2,2,0
6.5,0.0421,0,0,0,0,0.5353,4,1,2,0
7.41,0.0,0,0,0,1,0.5602,3,1,0,1
10.0,0.1264,1,1,0,2,0.5714,4,3,1,1
5.87,0.0321,0,1,1,2,0.5355,1,1,2,1
6.81,0.0007,1,1,1,1,0.3807,0,1,1,1
4.11,0.0094,0,1,0,3,0.2492,0,0,2,1
4.59,0.0005,0,0,1,2,0.5856,3,1,3,0
6.72,0.6069,0,1,1,1,0.4252,6,1,2,0
8.93,0.0073,0,1,1,2,0.6813,3,3,1,1
5.94,0.3621,0,1,1,2,0.568,1,2,1,1
5.98,0.2717,0,0,1,0,0.5537,3,0,2,0
5.6,0.0016,0,1,1,0,0.7961,3,1,2,0
5.32,0.4402,0,1,0,1,0.1988,4,2,2,1
7.15,0.0585,1,0,0,2,0.9923,0,1,2,0
3.21,0.095,0,1,1,3,0.0038,4,0,1,1
9.32,0.3451,1,0,1,1,0.9127,2,2,1,1
5.04,0.022,0,0,1,3,0.6002,2,1,1,0
8.09,0.1212,0,0,1,1,0.419,2,0,0,0
3.71,0.0417,0,0,0,1,0.1821,2,1,1,0
7.97,0.0001,0,1,1,2,0.4001,1,0,1,0
7.98,0.0573,0,0,0,1,0.5091,0,1,0,0
7.35,0.1706,0,0,1,1,0.5987,1,1,1,1
4.31,0.0144,0,1,0,0,0.9114,3,2,1,0
7.05,0.037,0,0,1,0,0.5684,1,0,1,0
3.9,0.1905,0,1,1,2,0.6299,1,1,1,0
5.94,0.1965,0,1,0,0,0.6375,3,0,3,0
8.76,0.3821,0,0,1,2,0.4681,4,1,1,0
8.25,0.0012,0,1,0,2,0.5019,0,2,2,1
6.53,0.7025,0,0,0,1,0.5233,1,0,0,1
4.36,0.0267,0,1,1,2,0.7066,5,3,1,1
7.92,0.129,1,1,0,3,0.3218,3,1,1,1
6.54,0.0115,1,1,1,1,0.4234,1,0,1,1
1.4,0.5554,0,0,1,1,0.6391,3,1,1,0
8.22,0.0183,0,0,0,2,0.2809,2,0,1,1
6.45,0.076,0,1,1,0,0.5784,2,2,1,0
9.15,0.0028,0,1,0,1,0.4136,6,1,0,1
4.09,0.0196,0,0,0,1,0.6763,4,3,1,1
0.0,0.6274,1,0,0,1,0.8935,2,1,2,1
7.11,0.6387,0,0,0,0,0.4138,2,1,1,0
7.14,0.1599,1,1,1,1,0.7394,0,3,0,0
2.78,0.0384,1,0,1,1,0.6002,2,1,0,1
4.35,0.4992,1,1,1,1,0.454,2,0,3,1
10.0,0.3988,0,1,1,2,0.5517,4,2,0,1
5.83,0.2909,0,0,1,2,0.8745,4,3,1,1
8.11,0.1849,0,0,0,1,0.507,2,1,1,0
5.07,0.0476,0,1,1,1,0.8773,2,1,3,1
1.9,0.3278,0,0,1,2,0.52,1,2,2,0
6.13,0.1763,0,0,0,1,0.1969,1,1,1,1
5.92,0.1409,0,0,1,2,0.5133,1,1,0,0
5.62,0.1408,0,0,1,1,0.1774,1,2,1,1
6.25,0.0397,0,0,1,1,0.4706,7,1,0,1
7.08,0.5258,1,1,0,0,0.461,1,0,2,1
6.17,0.0279,0,1,0,2,1.0,3,2,2,0
3.72,0.0139,0,1,0,1,0.9523,3,3,3,1
7.57,0.0108,0,0,1,2,0.5713,3,2,1,1
2.21,0.0759,0,0,1,1,0.8528,3,1,1,0
1.99,0.0038,1,0,1,0,0.4506,5,3,1,0
8.13,0.0954,0,0,1,1,0.1932,9,0,1,1
7.62,0.6174,0,0,1,0,0.682,4,1,1,0
6.37,0.0535,0,0,0,1,0.6403,1,3,3,1
3.43,0.2795,1,0,1,1,0.3156,5,0,2,1
4.94,0.0156,0,0,1,1,0.3267,3,0,0,0
5.92,0.3779,0,0,1,0,0.7849,5,0,2,0
2.99,0.0045,0,0,1,2,0.1291,5,1,0,0
4.87,0.1569,0,0,1,2,0.6895,6,1,1,0
7.94,0.0014,0,1,0,1,0.4714,2,1,2,1
9.64,0.3922,1,0,1,1,0.6899,5,2,0,0
5.58,0.0438,0,0,1,1,0.7971,3,1,1,0
8.16,0.4014,0,0,1,1,0.3314,1,0,1,0
2.29,0.7022,1,0,1,1,0.265,3,2,2,1
7.95,0.0918,0,1,1,0,0.9166,2,3,0,0
4.73,0.5499,0,0,0,2,0.5357,0,0,1,0
7.18,0.0018,0,1,1,2,0.6319,3,0,1,0
5.95,0.6406,0,0,1,1,0.7777,1,1,1,0
9.4,0.3121,0,1,1,2,0.3097,2,2,1,1
4.58,0.012,0,1,1,1,0.7755,3,1,2,0
7.88,0.276,0,1,1,0,0.71,2,1,2,0
5.89,0.0,0,0,1,2,0.9175,4,1,0,1
6.15,0.0297,1,1,1,1,0.9131,3,0,3,1
6.1,0.25,0,0,0,2,0.5659,4,2,2,1
4.64,0.1409,1,0,0,1,0.7383,4,1,1,1
6.47,0.0345,0,1,1,2,0.5611,2,2,1,0
6.36,0.0507,1,1,0,1,0.5863,2,0,1,1
7.03,0.011,0,0,1,2,0.2678,2,0,2,0
6.69,0.0502,0,1,0,0,0.4939,4,0,1,0
8.26,0.0151,0,0,1,0,0.1013,0,1,2,0
8.53,0.0079,0,0,1,2,0.5156,4,1,0,0
4.19,0.0161,0,1,1,2,0.88,2,2,1,0
8.41,0.111,0,0,1,2,0.7445,2,2,1,0
3.89,0.0247,0,0,0,1,0.5781,1,1,2,1
7.79,0.0195,0,0,1,1,0.4995,0,1,2,0
7.86,0.0125,1,1,1,1,0.4149,1,1,1,1
2.3,0.1029,1,0,1,1,0.3204,0,2,1,0
6.7,0.0357,0,0,0,2,0.7547,5,1,1,0
5.47,0.0006,0,0,1,2,0.1662,3,0,1,0
4.83,0.0695,0,1,0,3,0.1605,2,0,2,1
9.47,0.5031,0,1,1,1,0.7761,2,0,0,0
5.06,0.1873,0,1,1,1,0.602,1,3,2,0
4.73,0.0731,0,1,1,2,0.5612,3,2,1,0
6.67,0.0568,0,0,1,2,0.6018,2,1,2,0
8.01,0.0004,0,0,0,2,1.0,2,1,1,0
6.19,0.8355,0,0,1,2,0.564,4,0,1,0
9.07,0.0783,1,0,1,2,0.6233,2,0,1,1
7.67,0.1071,0,0,1,0,1.0,7,1,1,0
1.71,0.3001,0,1,1,2,0.5341,4,2,1,1
5.34,0.026,1,0,1,0,0.9816,1,1,2,0
5.26,0.2241,0,0,1,2,0.0232,4,2,0,1
7.55,0.0198,0,0,1,2,0.2595,2,0,1,1
0.73,0.5517,0,0,1,0,0.383,4,0,2,0
10.0,0.0408,0,0,0,1,0.696,1,3,1,1
7.67,0.036,0,1,1,0,0.9935,3,0,2,0
6.83,0.294,0,0,1,0,0.4023,4,0,2,0
9.1,0.0208,1,0,1,0,0.7946,3,1,0,0
10.0,0.3393,0,1,1,1,1.0,2,0,2,1
8.42,0.161,0,0,1,0,0.9412,2,1,1,0
8.59,0.0128,0,1,0,0,0.449,2,0,1,1
6.79,0.0133,0,0,1,1,0.7671,5,0,2,0
6.19,0.0013,0,1,1,0,0.6349,6,1,1,0
5.45,0.4227,0,0,0,1,0.3851,2,0,1,0
4.68,0.0498,1,1,0,2,0.6568,1,1,3,1
4.99,0.0627,0,0,1,2,0.4315,0,1,0,0
3.53,0.1861,0,0,1,3,0.5811,2,0,0,0
6.33,0.0054,0,1,0,0,0.2054,5,4,2,1
2.79,0.0321,0,0,1,2,0.1093,2,1,1,0
6.92,0.0324,0,0,1,1,0.4784,2,1,2,0
6.42,0.058,0,0,0,1,0.6295,4,2,1,1
6.82,0.0458,0,0,1,1,0.268,0,0,1,0
5.35,0.0245,0,1,1,0,0.6816,1,2,1,0
10.0,0.0531,0,1,0,1,0.5607,0,0,1,1
9.49,0.0049,0,0,0,2,0.7126,4,2,1,1
3.76,0.5693,0,0,1,2,0.7864,5,1,1,1
7.01,0.6209,0,1,0,3,0.8859,2,2,2,1
5.16,0.4645,1,0,1,2,0.7008,2,0,1,1
4.27,0.0031,0,1,1,2,0.4762,2,1,1,1
3.55,0.001,1,0,1,1,0.5972,4,1,1,0
7.45,0.4907,0,1,1,2,1.0,2,1,3,1
5.0,0.1181,0,0,1,2,0.7964,1,2,1,0
8.63,0.0002,0,0,0,0,0.5679,2,0,2,1
8.69,0.0303,0,0,1,2,0.5124,2,3,2,0
9.52,0.097,0,1,1,1,0.4004,2,0,2,1
4.62,0.3586,0,0,1,1,0.2532,1,1,2,0
7.55,0.0025,0,1,1,2,0.977,0,3,1,0
7.89,0.0209,0,0,1,2,0.6696,3,0,1,1
5.46,0.2758,0,0,1,3,0.2328,1,1,2,0
4.8,0.64,0,1,1,2,0.5187,2,0,2,1
10.0,0.0697,0,0,1,0,0.8676,4,2,1,0
7.0,0.0227,1,0,1,0,0.4383,1,1,2,0
7.9,0.0331,1,0,0,1,0.3464,3,2,2,1
4.69,0.2482,0,1,1,2,0.6392,5,2,1,1
3.82,0.0063,0,0,1,1,0.7145,4,0,2,1
5.25,0.0695,0,0,0,2,0.4386,1,2,1,0
6.23,0.335,0,0,1,1,0.4001,2,0,0,0
4.16,0.0097,0,0,1,2,0.6651,3,0,2,0
6.48,0.0852,0,0,0,0,0.2688,1,1,1,0
2.79,0.3138,0,1,1,1,0.4154,3,1,0,0
4.04,0.5992,0,0,1,1,0.5199,2,1,0,0
7.98,0.0002,0,1,1,1,0.7348,0,1,1,0
7.83,0.1173,0,0,1,1,0.4431,2,1,2,0
5.64,0.0486,0,1,1,2,0.6908,2,1,0,1
4.26,0.432,0,1,0,1,0.8415,2,0,1,1
4.24,0.0076,0,0,1,2,0.4234,4,0,1,0
5.68,0.0513,0,0,1,3,1.0,1,0,1,0
7.92,0.0548,0,1,1,2,0.9049,3,1,2,1
8.54,0.1665,0,0,1,1,0.6181,3,2,2,1
5.41,0.2142,0,0,0,2,0.5046,4,0,1,0
3.96,0.1219,0,1,1,0,0.4112,2,0,2,1
7.09,0.0283,0,0,1,1,0.9653,2,1,2,0
4.69,0.1646,0,0,0,1,0.6026,2,1,1,1
5.36,0.0681,0,1,1,0,0.1903,2,0,2,1
9.42,0.4804,0,0,0,2,0.122,2,1,2,1
8.32,0.2888,0,0,0,1,0.5781,6,1,1,0
6.85,0.0043,1,0,0,1,0.5836,4,0,2,0
3.7,0.0563,0,0,1,1,0.3208,2,2,2,1
6.97,0.2519,1,1,1,1,0.1714,2,1,1,1
8.84,0.0133,0,1,0,1,0.0592,5,0,2,1
5.67,0.1269,0,0,1,1,0.3602,0,2,1,0
9.47,0.0661,0,1,0,1,0.4593,5,1,2,1
9.34,0.0,1,0,1,2,0.7229,4,0,0,1
10.0,0.2771,0,1,0,2,0.5174,1,0,0,0
7.17,0.2737,0,0,1,1,0.816,2,0,2,0
7.79,0.3715,0,0,1,3,0.7013,3,0,1,1
9.61,0.0298,1,0,1,1,0.6783,2,2,1,1
7.48,0.2165,0,0,0,2,0.7948,1,1,0,0
5.4,0.2509,1,0,1,0,0.2033,1,2,1,1
5.51,0.0079,0,0,1,2,0.4159,2,1,1,0
7.02,0.03,0,1,1,1,1.0,7,0,3,0
3.66,0.0035,0,1,1,1,0.0734,3,0,2,0
6.18,0.0564,0,1,1,0,0.4756,3,2,0,0
8.91,0.0017,0,0,0,1,0.669,4,1,2,1
1.68,0.1704,0,0,1,2,0.0808,1,1,1,0
9.88,0.2869,1,0,1,2,0.3618,4,2,1,1
8.97,0.3202,0,0,1,1,1.0,6,3,2,1
5.49,0.1397,0,0,0,1,0.5926,1,1,0,1
7.7,0.273,0,0,0,0,0.4064,1,3,2,1
6.51,0.0003,0,0,1,0,0.6026,3,0,2,0
9.21,0.5799,0,1,1,0,0.4059,4,2,2,1
8.66,0.2157,0,1,1,1,0.9781,4,1,2,1
3.42,0.0064,0,0,0,2,0.3022,3,1,3,1
7.79,0.0618,1,1,0,1,0.4193,3,0,2,1
6.05,0.2694,1,0,1,2,0.1769,4,0,2,1
6.68,0.6583,0,0,1,2,0.4761,1,1,0,0
4.9,0.029,0,0,1,1,0.5064,1,2,1,0
10.0,0.0344,0,1,1,1,0.8489,1,2,2,1
8.79,0.1365,0,0,1,3,0.2958,1,3,3,1
4.87,0.558,0,0,1,1,0.6709,1,2,2,0
3.56,0.0981,0,0,0,1,0.5717,4,0,1,0
5.65,0.2964,0,0,1,2,0.0769,2,0,1,0
7.46,0.1022,0,0,1,0,0.3687,1,1,3,0
7.03,0.0865,0,1,1,2,0.3587,2,0,2,1
9.26,0.0276,0,0,0,0,0.9708,3,1,1,0
8.24,0.0089,0,1,1,2,0.6864,2,2,2,0
8.63,0.0119,0,0,1,2,0.5862,2,4,3,0
7.22,0.101,0,0,1,1,0.0,2,0,1,0
3.44,0.0196,0,1,1,2,0.0729,4,0,1,1
6.07,0.0269,0,0,1,2,0.7319,3,2,0,0
8.83,0.1618,0,0,1,1,0.7455,5,0,3,1
6.39,0.1679,0,0,1,3,0.3644,3,0,0,0
7.61,0.2292,0,1,0,1,0.5569,3,1,3,1
5.8,0.0124,0,1,1,2,0.5392,3,1,1,1
4.23,0.5703,0,0,1,1,0.5924,2,2,3,1
6.23,0.1171,0,0,1,1,0.457,4,0,1,0
7.18,0.3746,0,1,1,0,0.7538,4,3,1,1
5.06,0.1495,0,0,1,1,0.8265,3,0,0,0
5.98,0.0696,0,0,0,2,0.3101,2,1,1,0
4.43,0.0006,0,1,1,1,0.2514,1,0,1,1
8.96,0.0048,0,1,0,1,0.351,3,1,0,1
5.85,0.0239,0,0,0,1,0.5622,4,0,2,1
9.7,0.3657,0,1,1,1,0.6389,3,2,2,1
9.86,0.0111,0,0,1,1,0.7471,2,1,0,0
6.32,0.4119,0,1,1,1,0.7929,4,1,1,0
4.28,0.3196,1,0,1,3,0.6406,3,0,0,1
1.91,0.2841,0,0,0,1,0.6074,2,1,2,0
3.26,0.1077,0,0,1,2,0.9622,2,1,1,0
3.48,0.6033,0,0,0,2,0.5513,5,1,0,1
9.53,0.0346,0,0,0,1,0.6975,5,0,2,0
6.75,0.1893,1,1,0,2,0.6301,4,1,1,1
7.36,0.1671,0,0,0,0,0.5067,3,1,0,0
1.62,0.0076,0,1,1,1,0.5084,4,0,2,0
3.86,0.0039,0,0,0,1,0.8805,7,1,2,0
8.45,0.0061,0,1,1,1,0.5274,4,2,1,1
7.13,0.3519,0,0,1,1,0.4618,5,0,1,0
6.18,0.1373,0,0,1,2,0.3657,3,0,1,0
7.74,0.2564,0,0,1,3,0.6556,3,0,3,1
10.0,0.4865,0,0,1,2,0.422,2,1,1,1
6.01,0.0039,0,0,1,1,0.6329,1,1,1,0
6.65,0.004,0,0,1,2,0.5944,2,5,2,0
6.92,0.5244,0,1,1,2,0.4432,3,0,0,1
10.0,0.2028,0,1,0,1,0.2011,3,0,1,1
1.88,0.0067,0,1,1,0,0.2927,6,1,1,1
8.0,0.4276,0,0,1,0,0.332,3,1,2,0
6.25,0.0002,0,1,0,1,0.299,2,1,2,1
7.75,0.0108,0,0,1,2,0.6638,1,1,2,1
5.05,0.5383,0,0,1,2,1.0,2,1,1,0
6.39,0.0977,0,0,1,1,0.4223,7,1,1,1
8.07,0.0004,1,0,0,2,0.4539,5,1,1,1
10.0,0.01,0,0,1,2,0.4039,1,1,2,1
8.28,0.0014,0,0,1,2,0.7644,4,1,0,0
4.63,0.1821,0,0,1,1,0.6566,1,0,1,0
